"종목명","일간","1주간","1개월간","YTD","1년","3년"
"한온시스템","1.50","0.49","8.69","-44.24","-43.46","-69.66"
"금호석유","-0.56","-3.00","-23.05","-19.64","-18.47","-34.28"
"LG전자","0.78","3.30","-6.68","-10.81","-14.82","-31.99"
"삼성전기","-0.98","0.36","-9.43","-27.28","-19.33","-35.98"
"한올바이오파마","-3.66","-14.37","-13.79","-13.88","8.69","91.23"
"제일기획","-0.77","1.69","-1.04","-5.36","-11.50","-22.87"
"대웅제약","1.96","-6.47","-18.14","11.30","19.71","-6.14"
"롯데에너지머티리얼즈","-2.01","-16.49","-28.21","-36.15","-37.63","-79.43"
"남해화학","0.80","-0.63","-3.22","-14.59","-14.71","-47.98"
"한화에어로스페이스 ","-2.80","-7.74","-1.55","196.21","204.03","771.00"
"세아제강지주","0.06","-7.79","-2.02","-31.42","-12.63","56.76"
"SK디스커버리","1.53","3.41","9.97","-7.14","-9.79","-24.40"
"KG모빌리티","-0.12","2.22","-19.04","-52.25","-47.47","49.64"
"티비에이치글로벌","-2.66","-7.08","-13.71","-31.87","-35.05","-53.54"
"현대미포조선","6.04","8.69","11.26","38.52","51.74","62.21"
"한국앤컴퍼니","0.24","0.65","3.02","9.17","32.63","5.12"
"롯데정밀화학","-0.41","-4.79","-21.97","-36.64","-37.71","-53.83"
"HMM","1.16","14.04","6.34","-6.69","14.83","-28.63"
"삼성중공업","0.43","1.38","16.82","51.48","52.07","105.96"
"대한제분","0.40","0.48","-6.86","-1.25","-2.25","-17.79"
"동국홀딩스","-0.40","-1.96","-6.61","-14.69","-18.50","-53.62"
"대한전선","1.95","-0.95","-7.94","26.64","6.47","-33.53"
"삼성화재","-1.36","5.81","3.26","38.40","45.89","66.97"
"현대건설","-2.42","-1.57","-6.30","-19.05","-23.34","-41.27"
"현대백화점","-0.70","0.00","-8.83","-18.24","-18.56","-44.64"
"HJ중공업","-0.48","4.50","25.40","-29.55","-20.33","-62.36"
"롯데케미칼","2.12","-13.05","-24.97","-56.07","-57.08","-67.88"
"하이트진로홀딩스","-0.21","2.26","4.05","9.06","5.43","-31.09"
"CJ제일제당","5.24","5.65","-3.73","-16.36","-15.31","-25.75"
"CJ대한통운","0.63","-1.00","-11.09","-37.58","-11.68","-41.83"
"하나금융지주","-0.33","-2.28","-8.54","38.25","44.23","41.18"
"현대글로비스","1.77","5.59","0.17","26.16","36.57","-23.79"
"일진전기","1.70","-12.11","-6.99","125.09","108.24","364.15"
"고려아연","-0.30","-12.17","21.72","101.41","102.01","104.49"
"국도화학","-1.82","-1.49","-11.08","-27.47","-26.03","-48.17"
"롯데쇼핑","-0.34","-4.93","-9.97","-22.93","-27.02","-41.50"
"SGC에너지","1.18","1.58","-12.41","-5.68","-9.17","-44.26"
"디와이","0.57","-0.34","-6.50","-25.43","-25.80","-28.00"
"세방전지","-1.48","-4.99","-9.26","14.43","22.20","-21.65"
"HDC","0.36","-2.76","2.36","63.43","65.59","11.49"
"롯데칠성","1.90","8.15","-2.40","-19.44","-21.84","-13.80"
"CR홀딩스","0.18","-0.70","-1.57","-12.54","-18.12","-33.76"
"한국쉘석유","1.64","1.64","6.56","50.88","41.79","23.33"
"부광약품","1.12","-0.44","-11.76","-26.23","-25.25","-65.52"
"동원F&B","-0.32","-4.19","-5.08","-5.66","-2.53","-21.30"
"한화엔진","0.39","1.23","-1.51","59.75","81.02","142.44"
"한솔홀딩스","2.04","1.58","-2.60","-21.60","-17.58","-39.84"
"현대모비스","-3.29","-2.15","2.25","5.49","10.86","5.04"
"현대차","-0.23","4.59","-7.68","6.39","17.92","3.34"
"현대제철","1.40","-0.68","-20.00","-40.27","-37.18","-46.04"
"일진디스플","-0.36","-2.09","-10.33","-38.32","-10.43","-66.83"
"LX하우시스","-1.00","-7.95","-17.26","-20.30","-19.84","-43.95"
"남양유업","0.00","0.00","19.27","13.18","39.49","41.65"
"SK이노베이션","9.32","4.60","-0.62","-20.60","-20.77","-48.55"
"팬오션","-0.41","4.76","1.25","-2.68","-13.56","-34.27"
"한국단자","-1.24","-1.37","1.70","-4.27","-4.77","1.70"
"삼성증권","-0.76","0.55","-3.48","18.70","17.63","-3.79"
"한일홀딩스","0.37","-1.30","2.48","22.02","17.60","10.49"
"이수화학","1.80","-11.47","-16.69","-50.33","-49.06","-55.18"
"송원산업","3.16","-7.47","-13.06","-34.11","-39.57","-38.05"
"KB금융","0.33","-0.97","-2.75","69.69","70.32","61.90"
"BNK금융지주","-0.11","-2.11","-4.82","30.11","30.85","9.68"
"현대엘리베이","-1.17","3.17","12.85","13.87","9.90","10.14"
"아모레퍼시픽","0.00","-1.08","-12.07","-24.14","-18.94","-38.20"
"종근당","-1.58","-6.73","-16.13","-15.71","-9.76","-36.43"
"대원강업","0.26","-4.64","-2.31","-30.06","-29.01","-5.11"
"DB하이텍","5.48","3.53","-12.81","-42.49","-40.46","-53.45"
"KG스틸","0.94","2.38","-3.30","-27.53","-20.57","-41.10"
"일양약품","0.00","-8.42","-16.16","-29.07","-24.34","-62.94"
"강원랜드","-0.23","-1.10","0.95","6.31","9.67","-32.50"
"KPX케미칼","0.56","-0.66","-5.83","3.91","0.67","-17.82"
"LG화학","0.35","-4.91","-11.57","-41.78","-41.13","-61.68"
"락앤락","-0.12","0.00","0.35","39.61","48.46","-15.00"
"SNT중공업","4.02","-3.34","-7.17","70.83","68.49","170.03"
"삼성카드","-0.73","-0.25","-0.98","25.35","22.88","19.62"
"삼성생명","-3.86","3.56","3.56","51.37","51.16","61.42"
"삼양홀딩스","0.00","0.00","-8.27","-1.88","-4.11","-34.59"
"SK하이닉스","-0.41","-7.97","-8.70","20.85","30.14","53.36"
"태광산업","-0.45","6.69","2.60","9.84","8.94","-30.64"
"삼성전자","-0.35","6.60","-4.56","-28.03","-22.28","-20.65"
"대덕","0.00","0.47","4.53","1.10","0.94","-18.54"
"삼성엔지니어링","-0.51","0.11","-14.67","-39.24","-31.97","-20.81"
"한화오션","-2.76","0.68","20.10","47.61","34.97","43.33"
"동아쏘시오홀딩스","-1.85","-5.51","-10.38","10.30","17.88","5.59"
"SK네트웍스","-0.12","-4.62","-15.89","-24.52","-23.73","-14.57"
"한미약품","-0.53","-9.42","-19.12","-19.57","-3.93","13.96"
"미래에셋증권","-1.25","3.58","-4.20","13.63","18.77","-4.20"
"한솔테크닉스","0.12","-0.37","-8.86","-42.22","-38.96","-37.34"
"아모레G","-0.67","1.36","-5.31","-23.76","-24.92","-52.40"
"DN오토모티브","1.04","1.71","2.16","26.20","29.38","-71.48"
"서연","-1.15","1.48","-3.24","-20.02","-15.19","-49.67"
"한화생명","0.00","-4.95","-8.03","-4.95","-1.82","-17.10"
"현대위아","-0.35","3.67","-10.65","-34.95","-25.31","-44.93"
"엔씨소프트","1.46","1.46","7.98","-13.31","-17.75","-72.20"
"삼성SDI","-1.33","-2.08","-21.52","-45.13","-43.76","-65.79"
"세아베스틸지주","-0.63","0.85","19.25","-4.02","1.06","17.78"
"유수홀딩스","0.20","1.19","-2.68","-12.09","-14.45","-14.88"
"신한지주","0.75","-3.41","-4.60","34.25","48.48","44.31"
"롯데지주","0.73","-6.97","-13.75","-23.48","-28.62","-35.91"
"DB손해보험","1.32","3.08","-2.10","28.08","30.73","90.07"
"DL","-0.57","0.72","-17.46","-32.39","-27.90","-43.40"
"한화솔루션","-1.19","-1.92","-17.19","-55.97","-47.30","-56.03"
"하이트진로","0.48","4.77","4.25","-7.33","-9.35","-37.85"
"아이에스동서","1.39","-1.04","-11.74","-34.30","-32.07","-57.83"
"기아","-1.45","3.70","0.21","-4.70","12.91","13.72"
"코오롱","-0.08","-2.20","-9.39","-23.51","-21.71","-58.54"
"금호타이어","3.27","4.80","9.43","-14.94","-13.49","3.73"
"LG디스플레이","-0.20","1.93","-5.20","-12.97","-18.60","-55.66"
"LF","0.65","9.73","1.05","16.43","13.19","-16.94"
"LG이노텍","1.53","-0.36","-14.25","-30.65","-33.69","-42.33"
"무림P&P","1.36","1.56","-8.61","-17.98","-17.33","-35.48"
"넥센타이어","-0.16","-1.86","-10.23","-21.39","-22.55","-8.41"
"OCI홀딩스","0.00","2.79","-10.76","-44.54","-42.87","-50.30"
"파미셀","1.57","1.15","-8.93","-20.18","-26.48","-60.45"
"세종공업","-0.12","3.13","-12.17","-30.72","-26.25","-59.85"
"SK텔레콤","0.36","-2.46","-1.25","10.78","6.73","3.93"
"S-oil","5.84","8.53","1.70","-14.08","-13.71","-32.51"
"STX엔진","0.00","1.49","-2.61","73.00","76.72","94.31"
"영풍","-2.49","-12.07","10.77","-20.25","-19.16","-36.69"
"LS일렉트릭","4.58","-8.83","-7.56","90.44","96.61","144.56"
"삼성물산","-1.61","1.67","-10.75","-5.79","4.36","8.44"
"한진중공업홀딩스","0.28","1.29","2.47","9.80","2.32","-13.27"
"한세실업","0.52","-1.67","-14.17","-35.53","-41.13","-43.93"
"KT&G","-0.69","-5.70","8.52","33.37","27.36","37.98"
"경방","0.50","4.11","5.19","-31.22","-28.47","-55.78"
"풍산","-3.74","-9.44","-14.37","44.39","57.44","80.54"
"SNT모티브","0.94","0.35","-5.11","-1.04","-2.29","-7.67"
"신세계","-2.73","-3.82","-14.68","-26.71","-25.91","-45.36"
"코오롱인더","0.89","-1.73","-13.57","-36.29","-35.71","-63.37"
"한전기술","3.08","3.23","2.78","13.20","22.05","-29.42"
"에이블씨엔씨","0.90","4.37","-4.43","-1.18","-15.42","-4.43"
"빙그레","2.25","11.97","8.41","24.86","15.96","24.86"
"사조동아원","-1.57","3.20","-0.89","4.71","7.76","-15.25"
"한섬","0.48","-0.27","-9.99","-22.75","-22.39","-61.44"
"고려제강","0.75","-1.62","-4.61","-7.19","-2.48","-0.83"
"LG유플러스","1.49","2.00","2.82","-0.29","-2.49","-26.35"
"NAVER","1.05","6.28","9.05","-13.93","-4.79","-52.28"
"농심","0.44","-2.85","-8.47","-16.34","-19.41","19.26"
"에스원","-1.64","-5.66","0.50","0.00","1.35","-26.20"
"동양","3.63","10.70","6.15","-17.12","-17.45","-48.73"
"GS","0.48","1.71","0.00","1.83","-1.77","4.26"
"CJ 그룹","0.41","1.56","-10.44","3.60","8.67","10.38"
"대상","0.20","4.62","0.40","-4.00","-2.35","-15.59"
"HD현대인프라코어","-2.16","-1.09","-5.60","-10.71","-5.84","-8.69"
"후성","1.18","-4.09","-16.23","-55.58","-53.69","-78.32"
"녹십자","-0.46","-11.24","-25.03","3.82","15.82","-43.47"
"TKG휴켐스","-1.13","1.49","-8.16","-14.65","-15.83","-20.22"
"화신","-1.47","-4.27","-24.97","-45.98","-35.79","-17.98"
"효성","-0.79","2.56","1.42","2.74","-2.20","-48.03"
"KT","0.00","-3.91","-2.56","21.51","25.90","34.62"
"LG","1.63","0.00","-3.62","-13.15","-12.65","-13.56"
"LS","3.64","-15.26","-25.80","-5.26","9.69","59.39"
"모토닉","-0.23","1.88","-0.92","4.72","1.64","-17.13"
"에스엘","0.32","2.27","-6.25","-11.76","-3.37","-2.93"
"LX인터내셔널","-0.71","-1.06","-6.67","-4.76","-6.04","10.02"
"대한항공","1.86","6.25","6.48","3.14","10.29","-16.86"
"대교","-0.65","0.22","6.47","-11.00","-4.75","-43.09"
"두산","0.96","-3.43","2.43","124.71","151.79","58.65"
"한화","0.00","-2.18","6.18","13.40","17.27","-10.02"
"오뚜기","-0.76","0.00","-3.11","-2.50","-1.89","-15.40"
"신도리코","-1.81","-4.04","-6.05","16.36","14.61","16.01"
"SK그룹","1.01","-2.30","-5.47","-21.35","-14.48","-43.09"
"LG생활건강","-0.45","0.30","-3.87","-5.49","-2.47","-71.37"
"GS건설","-0.06","4.26","-2.32","20.71","13.31","-54.79"
"카프로","0.00","0.00","0.00","-14.49","-26.58","-82.84"
"코웨이","-1.10","1.77","-4.97","10.31","23.73","-16.97"
"한국전력","1.48","11.40","13.78","26.72","34.85","7.40"
"한국철강","-1.63","-0.44","15.29","37.54","41.19","12.98"
"한국가스공사","8.91","14.48","12.65","85.63","93.46","20.03"
"HL Holdings","0.59","-1.87","-4.35","2.25","3.34","-30.23"
"무학","0.33","0.33","8.19","13.43","10.95","-30.83"
"오리온홀딩스","-0.68","0.50","-0.93","9.79","1.20","0.50"
"POSCO홀딩스","0.69","-4.26","-15.36","-41.54","-38.14","5.04"
"유한양행","-1.92","-7.49","-24.40","70.64","98.18","127.27"
"대한 유화","0.79","-1.98","-12.20","-41.70","-44.25","-50.31"
"유니드","-2.88","-1.46","-13.16","-10.47","-21.78","-50.69"
"포스코인터내셔널","2.40","-0.30","-4.39","-21.39","-17.15","142.22"
"대우건설","0.28","0.70","-4.50","-12.91","-19.06","-40.03"
"KCC","-2.71","-4.11","-15.70","2.19","-3.91","-24.31"
"SKC","-0.38","-10.56","-28.03","15.89","7.69","-44.15"
"STX","2.61","7.35","0.99","-59.67","-66.97","27.43"
"한국금융지주","0.95","-3.65","-4.52","20.72","26.71","-12.74"
"HD한국조선해양","2.37","6.02","2.05","64.60","97.22","105.58"
"기업은행","0.49","0.14","-0.34","21.84","24.35","30.18"
"SBS","1.65","4.06","-0.97","-47.38","-40.00","-67.94"
"두산에너빌리티","3.94","7.43","9.54","24.57","34.93","-3.50"
"NH투자증권","-0.45","-1.63","-3.97","28.85","28.72","2.38"
"동화약품","0.30","-3.02","-15.01","-34.37","-29.79","-51.16"
"KR모터스","-0.21","-4.90","-10.68","-48.27","-64.86","-50.10"
"성창기업지주","-0.22","-4.84","-10.20","-30.10","-26.30","-44.65"
"유유제약","0.35","5.99","-8.50","-19.51","-16.50","-38.32"
"일동홀딩스","0.00","0.28","-14.22","-32.89","-32.12","-49.21"
"대유플러스","0.00","0.00","0.00","46.06","-28.49","-84.60"
"노루홀딩스","-0.77","0.55","-4.73","12.48","6.27","-2.35"
"한화손해보험","-1.21","-1.21","-8.55","10.99","10.71","10.99"
"삼화페인트","-0.15","1.41","-10.61","-2.26","-0.76","-33.37"
"롯데손해보험","-2.44","-3.61","-12.28","-16.32","-18.03","12.68"
"대동","1.87","1.65","9.98","-45.59","-33.86","-5.12"
"가온전선","29.88","20.60","10.58","107.08","153.46","113.48"
"삼일제약","3.10","-6.93","-24.56","98.51","116.61","87.81"
"흥국화재","0.00","5.86","1.48","11.73","14.72","-9.62"
"CS홀딩스","0.14","1.15","0.57","13.25","18.41","14.36"
"천일고속","-0.93","-3.48","-7.76","-21.07","-22.86","-43.34"
"LS네트웍스","-0.35","-5.28","-13.55","-32.55","-29.05","-8.60"
"이화산업","2.23","-1.35","-10.42","-27.34","-32.39","-30.60"
"화천기공","0.76","0.57","-4.35","-16.59","-19.14","-25.42"
"강남제비스코","0.00","-4.67","-5.22","18.07","18.36","9.13"
"보해양조","4.50","9.16","3.28","-18.48","-18.63","-52.32"
"유니온","-2.45","-1.24","12.21","-13.56","-7.72","-33.70"
"전방","-0.05","-1.98","-5.72","-20.74","-22.91","-55.45"
"한국주철관","0.00","0.16","-3.70","-9.55","-9.42","-31.24"
"페이퍼코리아","0.00","1.28","16.31","-3.55","6.49","-45.11"
"JW중외제약","0.21","-2.43","-17.75","-32.21","-18.60","12.17"
"대한방직","-0.18","0.75","-8.78","-33.66","-34.47","-88.36"
"만호제강","1.33","1.67","-10.29","-35.31","-35.31","38.01"
"국보","0.00","0.00","0.00","4.71","-34.57","-87.94"
"유진투자증권","4.17","-11.56","-22.71","-8.06","-18.34","-12.75"
"금호전기","-0.15","-7.13","-25.03","-18.43","-20.35","-78.41"
"GS 글로벌","3.56","2.56","-6.57","25.49","27.49","28.77"
"남광토건","-8.90","-18.68","25.68","2.87","-0.25","-42.06"
"부국증권","0.92","-1.08","-3.84","26.96","24.10","12.22"
"상상인증권","3.07","-1.58","-8.77","-43.10","-42.88","-62.97"
"백광산업","3.46","-8.08","-17.97","3.72","3.72","47.18"
"삼성제약","0.33","0.20","-19.67","-22.70","-29.36","-69.92"
"SG 충방","4.20","50.91","26.32","140.62","158.69","111.97"
"KG케미칼","3.28","3.85","-8.03","-44.82","-43.16","-88.88"
"태원물산","2.31","5.47","-1.31","-24.04","-23.42","-25.40"
"현대해상","-0.88","-3.28","-7.89","-9.68","-9.24","12.22"
"BYC","-2.36","-7.21","-12.14","-32.12","-30.66","-93.38"
"삼부토건","-16.31","-17.58","122.95","-52.70","-56.74","-56.57"
"현대차증권","-0.23","0.94","-4.96","0.47","0.12","-32.84"
"SK증권","0.00","-0.40","-0.80","-22.31","-20.06","-49.90"
"DI동일","3.41","3.54","8.72","44.96","37.10","50.45"
"조비","0.31","-3.62","-9.63","-29.64","-24.23","-57.63"
"제일연마","-1.26","-2.27","4.23","-0.81","1.41","-6.00"
"금양","-4.43","-21.56","-41.51","-73.35","-70.78","477.38"
"동국실업","-0.37","-4.14","-7.47","-10.42","-7.94","-38.81"
"신영증권","0.51","-0.51","-5.78","31.43","33.68","30.99"
"한양증권","-2.28","0.17","-4.15","30.72","26.85","-25.47"
"신화실업","1.43","-2.98","-7.19","-23.07","-23.79","-46.57"
"알루코","-1.14","-0.23","-10.19","-29.41","-25.77","-39.66"
"대한제당","0.18","-0.18","-5.06","-11.48","-7.70","-14.95"
"삼화콘덴서","0.73","-5.14","-20.52","-27.30","-24.52","-53.21"
"키스코홀딩스","0.74","-1.91","8.16","-13.66","-4.64","30.89"
"아세아","-1.21","-2.59","-2.79","30.48","49.42","106.78"
"비비안","-1.16","0.52","-10.19","-38.74","-39.46","-76.62"
"경농","0.00","-0.22","-2.18","-11.60","-25.27","-24.45"
"고려산업","0.92","0.92","-14.06","-12.42","-13.66","-11.86"
"도화엔지니어링","-2.42","-3.92","2.69","-13.49","-16.03","-11.60"
"삼양통상","0.00","0.61","7.67","2.68","5.84","-16.22"
"수출포장","0.57","-0.19","0.38","-10.62","-15.06","6.00"
"동성제약","-0.56","-1.11","-2.63","-22.74","-29.25","-45.73"
"한일철강","0.10","-5.62","-5.15","-19.83","-27.29","-34.72"
"아세아제지","-0.88","-3.66","-6.84","-4.24","0.00","-83.37"
"한진","1.22","2.24","-7.79","-26.68","-15.84","-42.34"
"SH에너지화학","-1.41","0.36","9.57","-12.48","-19.40","-43.62"
"한독","-1.48","-5.12","-20.59","-11.82","-2.85","-44.33"
"범양건영","16.18","87.06","191.78","52.14","52.87","-57.11"
"세기상사","-0.69","-2.54","-0.35","-6.95","-14.16","-2.08"
"삼익악기","0.09","1.56","2.31","1.65","2.50","-36.87"
"HS화성","0.00","0.22","3.22","-14.29","-11.68","-25.00"
"조흥","0.00","2.93","-0.12","-0.46","0.06","-12.91"
"제일파마","0.73","0.97","-6.85","-29.48","-16.75","-50.74"
"오리엔트바이오","-0.43","4.04","1.09","-23.72","-24.72","-63.11"
"신일전자","-0.27","2.13","-0.73","-21.00","-21.08","-24.95"
"TCC스틸","1.03","-10.34","-17.07","-41.75","-32.45","357.89"
"국제약품","-1.38","-4.67","0.18","-3.55","17.13","16.80"
"보락","-1.39","-3.00","-16.81","-13.45","-11.07","-43.49"
"진흥기업","-0.97","-0.49","0.99","-29.43","-32.92","-63.30"
"삼영무역","0.00","0.39","0.24","2.91","1.59","-17.74"
"SUN&L","0.17","-0.84","-7.68","18.04","13.27","-42.70"
"미원상사","-1.83","-3.45","-6.58","9.92","14.77","-8.63"
"신풍제지","0.70","2.01","-14.12","3.47","1.41","-62.92"
"대유에이텍","3.23","9.78","22.14","6.49","4.32","-13.51"
"TYM","-4.22","8.64","50.24","-15.76","-10.75","-20.74"
"유성기업","1.00","-2.00","-8.56","-33.41","-32.71","-39.91"
"금호건설","0.00","-6.85","-11.11","-47.59","-50.09","-75.61"
"혜인","-2.16","-4.23","-1.58","-12.32","-13.09","-15.31"
"에이프로젠제약","4.35","-6.78","-15.95","-66.35","-69.02","-22.44"
"코오롱글로벌","-1.21","-9.40","8.50","-14.89","-19.69","-58.47"
"성보화학","0.00","-3.07","-3.25","-13.65","-16.64","-40.05"
"대웅","-0.48","-6.50","-21.47","0.97","22.86","-32.08"
"일성신약","1.08","0.88","-0.31","-32.47","-23.59","7.33"
"디아이","1.30","-8.69","-27.53","110.16","115.64","57.06"
"일신방직","-1.44","-2.08","-7.14","-15.09","-17.95","-29.53"
"대원제약","-0.49","0.50","-8.10","-9.45","-12.47","-9.00"
"삼양식품","-1.47","-1.29","-2.01","148.15","174.87","565.84"
"흥아해운","-0.55","0.50","-10.17","-27.60","5.66","-39.77"
"한국화장품제조","-5.14","-23.46","-36.54","128.63","121.53","90.73"
"유화증권","0.00","1.58","-0.22","-5.26","2.97","-19.35"
"유안타증권","0.00","-2.53","-8.16","5.88","6.51","-36.77"
"영진약품","1.22","-1.89","-18.91","-2.12","-5.88","-53.83"
"한화투자증권","-0.91","-9.29","7.32","9.48","40.07","-33.51"
"대신증권","0.67","-0.90","-2.37","15.24","14.52","-17.19"
"IHQ","0.00","0.00","0.00","0.00","0.00","-85.82"
"HLB글로벌","-8.13","10.15","-4.80","-18.92","12.74","-79.07"
"방림","4.78","3.85","9.01","61.75","77.18","23.37"
"미창석유","-0.11","-3.62","-6.80","26.08","20.05","10.24"
"한성기업","0.41","3.97","-5.64","-16.23","-11.33","-23.14"
"코리안리","-1.12","1.14","12.39","33.93","23.72","18.59"
"삼영","0.13","-3.46","-21.54","-16.59","-30.70","28.23"
"진양산업","-0.57","3.09","8.35","1.89","-1.96","-3.18"
"대한화섬","-0.60","1.58","-4.30","9.56","15.34","-14.22"
"보령","-0.96","-2.17","-10.39","-12.95","6.59","-25.27"
"사조대림","-0.24","3.53","-7.95","31.31","39.32","52.22"
"SG세계물산","0.59","5.56","-0.29","-24.34","-18.76","-48.65"
"신흥","0.00","-0.28","-0.21","-0.49","0.42","-11.37"
"한국석유","-0.20","1.67","-11.79","35.16","34.81","32.70"
"태양금속","-2.85","-10.65","-5.55","-15.23","-21.22","105.32"
"동방","2.23","4.33","-7.10","11.17","17.20","-39.97"
"NPC","-0.23","-7.61","-16.60","-21.54","-19.82","-43.97"
"남성","1.78","-1.32","-17.31","-46.23","-44.62","-64.63"
"현대약품","1.00","2.16","-18.34","-13.87","-11.28","-35.52"
"세방","-0.17","-0.43","-5.59","-4.74","0.78","-2.10"
"삼익THK","2.76","3.95","-2.19","-17.60","-14.94","-23.59"
"서울식품","2.04","3.45","-6.25","-21.88","-18.48","-51.46"
"삼화왕관","-0.49","0.33","-3.65","-4.70","-8.71","-29.38"
"깨끗한나라","0.96","0.86","-6.24","-17.65","4.23","-54.97"
"현대비앤지스틸","1.85","0.66","-6.97","-16.91","-17.02","-24.83"
"삼천리","1.02","1.37","0.34","-6.32","-8.53","0.34"
"조광피혁","-4.52","-1.36","-3.98","1.71","2.32","-11.52"
"팜젠사이언스","0.10","3.00","-2.24","-22.58","-20.66","-53.85"
"써니전자","0.31","-1.18","0.82","-32.52","-33.78","-51.78"
"덕성","-0.65","-1.61","-8.38","-22.14","19.07","-64.00"
"DRB동일","-0.88","-4.24","-1.85","-22.74","-23.39","-13.08"
"티웨이홀딩스","0.00","-4.88","6.11","37.39","36.52","-38.17"
"동일산업","-0.13","-0.26","-4.91","-17.83","-19.12","-72.55"
"조광페인트","0.17","-8.63","-6.43","-7.32","-7.32","-29.28"
"씨아이테크","-0.08","1.17","4.59","-11.70","-29.30","20.74"
"한신공영","-2.52","-2.25","1.91","-3.74","-5.83","-59.59"
"신라교역","1.28","3.16","0.32","8.99","5.23","-29.14"
"성신양회","0.00","-3.08","-3.91","-7.53","-8.39","-37.62"
"휴스틸","1.12","0.00","0.74","-18.56","-16.97","57.61"
"부산주공","0.00","0.00","0.00","0.00","0.00","-21.36"
"코스모신소재","-4.51","-15.90","-39.20","-55.47","-59.13","34.70"
"한창","0.00","0.00","0.00","-4.64","-1.49","15.05"
"녹십자홀딩스","-1.33","-7.58","-14.20","-13.52","-6.36","-47.92"
"OnTide","-3.91","12.76","-11.07","-43.26","-38.61","-81.31"
"모나미","1.24","-0.73","-11.90","-33.61","-31.13","-54.58"
"신성통상","-1.18","-1.18","-6.08","13.25","4.41","-29.56"
"코스모화학","-1.24","-8.35","-22.37","-57.21","-54.59","11.93"
"한국공항","-0.19","0.38","-0.94","6.87","13.03","22.17"
"현대그린푸드","1.72","1.72","6.17","29.95","27.15","-20.56"
"삼진제약","3.27","4.28","-5.41","-16.57","-18.83","-30.02"
"SPC삼립","0.65","-1.49","-8.51","-26.20","-27.93","-36.01"
"삼영전자","0.10","-3.44","4.24","17.74","23.80","-10.71"
"넥센","-0.11","-1.20","-2.57","9.12","8.86","-6.86"
"크라운해태홀딩스","0.55","-0.90","-6.48","-5.35","-6.32","-35.68"
"대림B&Co","-0.43","-1.00","-1.71","-5.21","-8.11","-57.76"
"신영와코루","-0.22","-0.55","-1.53","-4.77","-4.97","-23.49"
"풍산홀딩스","-0.39","-3.80","-4.17","2.71","11.45","35.06"
"원림","0.07","-1.84","-8.68","-22.68","-27.86","-29.14"
"휴니드","-4.09","-7.96","15.43","44.72","53.18","25.71"
"대한해운","0.62","2.94","-1.81","-17.03","4.32","-31.23"
"동부건설","-0.39","-1.66","-7.67","-34.41","-35.73","-72.89"
"동원산업","0.31","-2.23","-5.06","-1.35","6.66","-24.66"
"화승인더","0.37","-0.48","1.23","18.81","13.87","-36.55"
"사조오양","0.00","8.57","-0.68","1.63","3.80","-7.12"
"삼아알미늄","-2.15","-9.70","-23.31","-63.67","-66.13","26.72"
"한국전자홀딩스","1.15","-4.47","-5.24","-22.53","-25.87","-70.13"
"제주은행","0.25","1.25","-3.11","0.00","-3.57","40.80"
"대원전선","2.38","0.54","-4.61","141.57","148.67","55.71"
"대구백화점","-0.16","-11.02","-15.27","-29.66","-45.47","-39.24"
"현대시멘트","0.00","0.59","0.00","-12.40","-13.77","-59.56"
"인스코비","1.47","-16.78","-38.11","6.68","6.94","-62.28"
"대림통상","-2.30","-1.78","7.41","-7.39","-8.01","-25.14"
"삼성공조","-0.32","0.00","-12.73","8.24","3.39","-41.06"
"영풍제지","1.57","4.85","-6.60","-56.08","-60.70","-56.50"
"AK 홀딩스","1.45","-5.00","-12.29","-34.50","-37.71","-52.34"
"태경케미컬","-1.07","3.27","-2.39","-19.99","-14.27","-8.68"
"우성","-0.06","4.19","-2.26","-17.15","-21.39","-42.25"
"GS리테일","-0.48","2.21","-2.11","-9.54","-16.10","-35.55"
"일신석재","-6.74","-12.89","8.42","36.03","31.09","-39.84"
"미래아이앤지","-3.22","9.33","8.69","-20.78","-10.02","-57.11"
"사조산업","-0.13","-5.53","-38.56","-10.48","-4.69","-17.81"
"벽산","1.48","-0.98","-4.15","-26.97","-34.68","-49.82"
"한국특강","0.28","-3.52","-4.66","-19.09","-22.45","-51.45"
"에이프로젠 MED","8.43","3.56","-5.55","15.21","15.09","-78.31"
"샘표","-1.86","0.96","-5.91","-14.75","-12.27","-0.82"
"동방아그로","-0.32","-0.32","-0.64","-2.83","-1.44","-15.34"
"선도전기","0.00","0.00","0.00","0.00","0.00","-25.09"
"이수페타시스","5.88","-8.72","-48.16","-23.60","-27.77","372.69"
"F&F홀딩스","-0.47","-4.11","-6.94","-19.32","-22.50","-71.66"
"코리아써키트","-0.85","-4.89","-20.99","-59.13","-46.84","-64.09"
"TP Inc","-1.72","-1.64","-3.02","-39.40","-50.08","-43.68"
"대동전자","0.00","0.00","0.00","118.60","96.34","58.99"
"이건산업","0.31","-0.81","-2.59","-24.54","-31.61","-61.95"
"NI스틸","-1.03","11.40","-3.26","-35.67","-35.02","7.97"
"남선알미늄","-0.78","3.87","1.75","-40.81","-33.30","-49.22"
"문배철강","5.73","13.18","6.87","-20.19","-19.42","-38.97"
"서흥캅셀","1.46","-7.09","-20.58","-53.87","-51.23","-68.88"
"일정실업","0.73","-6.44","-1.50","-3.10","-3.10","-54.30"
"윌비스","-1.64","-9.11","-15.73","-43.46","-49.93","-80.38"
"아남전자","-0.17","-3.42","-11.86","-46.83","-37.96","-51.40"
"율촌화학","-2.28","-15.71","-13.39","-25.55","-31.99","7.27"
"호텔신라","-0.25","3.29","-13.08","-40.06","-41.58","-50.38"
"금비","0.00","-2.96","-6.58","-26.37","-42.05","-16.67"
"한미사이언스","4.91","-4.47","-8.80","-15.43","-7.40","-37.29"
"동양철관","2.34","-1.72","-9.40","-9.84","-4.13","-42.92"
"KCTC","0.00","2.56","-9.08","7.96","6.19","-30.72"
"경인전자","1.20","5.00","2.44","-1.41","-0.24","-31.15"
"심팩","-2.37","2.20","-9.39","-5.47","2.62","-46.55"
"한솔로지스틱스","0.46","-2.03","-4.40","-11.22","-16.98","-48.58"
"대양금속","0.07","-2.44","-11.67","35.77","19.09","-69.80"
"무림페이퍼","0.48","5.79","2.19","-8.30","-3.00","-18.60"
"한샘","-0.40","0.00","-1.18","-5.98","0.40","-41.10"
"신원","-1.65","-6.29","-1.49","-16.35","-9.56","-60.00"
"광동제약","1.86","-0.73","-6.34","-26.38","-22.63","-25.58"
"참엔지니어링","0.00","-1.13","-11.14","-14.81","-21.30","-72.14"
"Ajin Electronic Components","2.24","-0.36","-13.99","-18.36","-22.96","-61.48"
"태영건설","0.72","-9.25","-64.31","-64.39","-78.16","-73.63"
"KC그린홀딩스","-2.41","9.20","15.83","-72.28","-71.17","-79.73"
"경동나비엔","-3.07","-10.75","-7.33","74.15","70.19","38.85"
"한창제지","4.15","0.29","-7.75","-24.19","-23.53","-66.09"
"삼화전기","3.59","-0.94","-19.52","82.26","108.47","-2.76"
"삼정펄프","0.00","0.19","-1.68","5.41","5.41","-10.85"
"고려포리머","0.64","-3.08","-9.74","-43.65","-45.50","-88.59"
"영원무역홀딩스","-2.73","-3.19","-10.19","5.13","5.13","66.16"
"한국내화","0.00","-0.95","-5.86","-30.79","-33.44","-44.56"
"한국무브넥스","-2.60","-4.93","-12.40","-65.66","-51.38","16.06"
"한솔PNS","1.25","17.89","21.31","3.10","0.54","-34.11"
"에스엠벡셀","-0.43","-0.51","-4.96","-35.84","-39.02","-23.59"
"웰바이오텍","0.00","0.00","0.00","-54.77","-61.97","-67.94"
"진양폴리","0.00","10.45","14.61","18.17","6.43","68.36"
"화천기계","-3.26","-0.88","0.18","-27.13","-39.29","9.94"
"평화홀딩스","-1.13","-1.13","-7.27","-18.91","-17.64","-44.36"
"퍼스텍","-1.40","3.08","20.41","8.17","6.69","62.50"
"삼호개발","-0.49","-5.10","-2.54","-9.57","-9.71","-40.16"
"진원생명과학","0.00","0.23","-12.07","-23.06","-33.89","-87.63"
"에넥스","-0.42","-5.15","-15.52","-16.26","-12.27","-83.84"
"CJ씨푸드","0.17","1.05","-7.05","-1.36","3.94","-22.67"
"삼화전자","-3.09","14.84","0.00","-29.05","-19.68","-24.08"
"태림포장","0.10","-4.41","-8.37","-17.30","-14.83","-51.39"
"성안","0.25","-5.19","-21.94","-75.35","-77.35","-48.92"
"유니켐","0.90","2.10","-8.19","-30.95","-15.97","6.74"
"부산산업","-2.63","-4.31","3.74","-12.46","-9.90","-50.88"
"갤럭시아SM","0.73","-0.48","-19.65","-21.63","8.57","-36.27"
"한농화성","-1.67","-10.13","-21.27","-6.59","26.11","-19.73"
"와이투솔루션","0.00","-7.48","-12.48","-15.77","-16.96","-3.69"
"한신기계","0.41","3.82","9.88","-24.64","-18.53","-12.83"
"현대코퍼레이션","-0.15","-0.77","6.31","2.60","3.03","10.06"
"신성이엔지","-1.06","-0.41","-20.56","-40.34","-38.22","-40.92"
"DB","1.44","-5.09","-14.40","-22.50","-21.19","27.30"
"영흥철강","-0.24","-5.98","-14.26","-27.35","-28.75","-62.82"
"아센디오","0.00","0.24","-19.45","-53.83","-66.56","-78.92"
"계양전기","0.55","3.16","-4.97","-20.70","-24.06","-51.80"
"영화금속","-1.52","-0.13","0.65","-12.42","-21.14","-51.95"
"경동가스","-1.16","-0.58","-13.47","0.59","-3.68","94.57"
"더존비즈온","2.40","8.60","42.83","135.58","135.17","-13.56"
"경인양행","-0.36","-4.51","-9.38","-28.44","-26.04","-59.31"
"모나리자","-1.37","-6.19","-6.34","9.71","10.34","-27.09"
"대창","12.20","15.70","4.87","5.37","7.41","-31.06"
"세우글로벌","0.58","2.89","-6.70","-10.23","-9.69","-38.84"
"일성건설","-3.42","-17.69","16.01","0.07","-16.65","-74.20"
"화승코퍼레이션","-0.92","-3.32","-9.19","-15.27","-19.63","-30.51"
"계룡건설","0.00","0.39","-6.46","-10.87","-9.36","-64.32"
"까뮤이앤씨","-0.73","-5.35","-8.61","-26.95","-24.97","-46.37"
"지엠비코리아","0.81","-1.06","-5.46","-21.85","-11.00","-40.29"
"한익스프레스","-0.87","-3.81","-2.99","-48.02","-40.47","-40.26"
"대영포장","0.31","-2.22","-8.05","-14.52","-13.69","-57.41"
"금강공업","-4.59","0.11","5.56","-21.39","-21.80","-43.34"
"영보화학","-1.15","1.47","2.22","-8.24","-1.43","-15.65"
"극동유화","-0.28","-2.03","-4.23","-16.59","-25.21","-9.50"
"태경비케이","0.46","-0.45","-1.90","-34.14","-34.63","-18.28"
"한솔케미칼","0.75","-3.77","-15.24","-52.73","-40.42","-66.10"
"사조씨푸드","0.00","-3.25","-25.81","36.57","39.01","-3.25"
"한라","-2.07","-2.87","-4.63","15.33","10.75","-56.19"
"동원시스템즈","1.03","-5.76","-10.62","28.12","41.89","-23.79"
"성문전자","0.98","-3.16","-7.59","-24.72","-21.59","-58.04"
"인디에프","-4.84","-8.53","-3.01","-11.39","-20.54","-52.32"
"이스타코","6.96","-11.26","-12.02","-15.17","-18.87","-81.80"
"대창단조","-2.51","-4.36","-0.79","-17.38","-17.78","29.90"
"에이엔피","-2.88","-14.51","-15.58","-55.04","-66.28","-71.83"
"예스코","0.40","0.40","4.48","51.82","42.33","36.70"
"KIB플러그에너지","0.75","3.65","40.36","-30.90","-42.29","7.16"
"일진홀딩스","0.53","-4.39","-1.17","-2.56","-1.17","-35.42"
"태경산업","0.77","2.35","0.38","-20.27","-22.52","-24.09"
"대현","0.47","3.86","2.38","6.97","2.63","-7.73"
"한세예스24홀딩스","-0.34","-1.56","-15.19","-10.00","-11.71","-42.95"
"환인제약","0.00","-2.71","-11.34","-18.88","-16.72","-29.48"
"신대양제지","0.00","-1.00","4.01","6.05","4.56","-26.51"
"DB금융투자","0.00","-0.60","-11.19","29.87","26.42","-28.16"
"대성홀딩스","0.14","-2.05","-9.25","-28.61","-29.32","-83.87"
"퍼시스","-0.47","0.60","-4.76","37.87","39.93","13.50"
"웅진","2.33","2.45","-4.25","-30.46","-48.69","-56.49"
"광명전기","2.49","2.15","-2.93","-35.51","-32.36","-43.42"
"명문제약","0.16","-3.80","-19.67","-15.80","-16.35","-60.25"
"우신시스템","-0.55","-4.76","-12.62","-18.55","-13.15","56.69"
"서울가스","0.99","0.39","-3.21","-17.15","-16.34","-68.10"
"수산중공업","-1.84","1.63","8.05","-11.61","-10.12","-29.62"
"풀무원홀딩스","0.26","15.77","8.59","8.48","7.16","-30.82"
"광전자","0.93","-2.47","-4.67","-17.03","-18.21","-48.70"
"E1","0.56","-0.28","-3.11","15.09","22.98","46.78"
"한국카본","3.66","-1.83","-0.46","-7.65","-11.67","1.90"
"조일알미늄","-0.79","-0.33","-9.56","-27.43","-29.13","-32.90"
"동원금속","-1.21","-3.78","-10.83","-39.48","-31.19","20.15"
"SK가스","-0.30","-4.81","16.83","35.07","36.45","61.86"
"신풍제약","1.56","0.73","-7.61","-18.27","-13.81","-75.93"
"티에이치엔","0.94","6.99","-0.62","-8.01","-0.62","-26.18"
"세아특수강","0.44","0.44","0.15","-1.01","-3.25","-16.15"
"하이트론","4.15","-3.26","-18.68","190.22","89.06","-34.70"
"키다리스튜디오","-0.52","-4.98","6.86","-30.13","-17.07","-78.26"
"아시아나항공","2.24","5.58","1.73","-10.22","-8.91","-51.12"
"서원","4.19","1.36","-6.80","-11.50","-10.64","-41.80"
"세원정공","-0.29","-0.58","-4.57","3.77","3.61","-14.83"
"삼원강재","-0.99","0.00","-4.04","-18.60","-15.71","-22.76"
"MH에탄올","0.79","-2.66","-13.93","-24.89","-25.00","-48.96"
"한국종합기술","-0.80","-5.27","-2.38","-25.73","-24.96","-39.99"
"동남합성","0.16","-0.64","-4.89","-8.53","-10.89","-51.41"
"다우기술","0.62","-0.45","-2.30","-0.45","0.96","-26.86"
"인지컨트롤스","-1.37","-2.05","-12.37","-29.14","-28.25","-63.79"
"인팩","-0.63","-8.96","-13.46","-30.69","-28.57","-51.54"
"에쓰씨엔지니어링","-9.64","1.30","-5.89","2.93","-0.56","-45.84"
"위스컴","0.98","-0.48","0.24","-20.23","-19.92","-43.29"
"디씨엠","0.18","-2.34","-9.57","1.35","2.65","-59.09"
"한국콜마홀딩스","-0.52","2.96","8.04","-3.04","19.31","-64.21"
"대원화성","4.99","9.84","-5.93","-44.89","-46.63","-74.91"
"덕양산업","-0.83","0.17","-11.46","-49.75","-31.53","-13.39"
"SJM홀딩스","1.06","-2.64","-6.99","-10.74","-5.67","-7.64"
"미래산업","-1.69","-11.17","-6.27","-48.21","-54.70","-92.50"
"제이준코스메틱","0.95","-4.62","-19.64","-21.72","-28.22","-78.65"
"한솔홈데코","0.31","0.77","-8.93","-24.51","-25.03","-63.11"
"이구산업","2.52","1.62","-11.52","5.58","12.59","10.15"
"한국주강","0.00","-3.76","-8.28","-40.13","-39.63","-75.01"
"스틱인베스트먼트","2.15","3.12","-3.43","9.67","23.38","-49.67"
"부국철강","0.00","-0.62","-6.61","-43.53","-35.31","-43.53"
"마니커","0.46","-0.34","-8.16","-25.26","-19.57","-45.98"
"세하","-1.11","-5.21","-11.86","-20.85","-22.84","-47.84"
"동아지질","0.94","4.01","11.46","8.19","2.34","-16.91"
"케이씨","0.12","-0.35","-12.05","-6.08","-5.62","-21.94"
"다올투자증권","1.15","5.40","-10.83","-32.44","-37.85","-57.36"
"교보증권","-0.19","2.12","-6.69","7.07","6.11","-39.70"
"동원수산","-0.38","-7.95","-9.55","-27.03","-24.38","-47.64"
"신세계인터내셔날","-0.09","-1.57","-19.00","-41.75","-36.28","-64.93"
"신세계푸드","0.16","-3.90","-9.99","-18.88","-19.29","-60.83"
"콤텍시스템","0.97","-3.33","-7.27","-31.54","-27.36","-45.63"
"롯데관광개발","1.14","0.23","-8.57","-5.54","-18.86","-50.50"
"황금에스티","0.20","0.40","-5.08","-29.37","-31.11","-41.49"
"KH 필룩스","0.00","0.00","0.00","0.00","0.00","-84.63"
"자화전자","-0.31","-10.48","-19.38","-54.73","-48.76","-30.57"
"체시스","-3.34","-2.15","-6.73","-34.26","-54.58","-6.32"
"유나이티드제약","0.54","-2.40","-15.48","-30.81","-24.98","-62.03"
"신세계건설","0.00","-0.22","-0.82","48.36","32.45","-47.10"
"NICE","0.56","-2.63","-5.30","-18.59","-12.55","-35.17"
"인천도시가스","-0.20","0.00","-0.20","-0.39","-1.36","-10.07"
"HS Ad","-0.47","0.00","-0.47","2.57","0.47","-7.79"
"백산","-0.08","0.08","-8.60","18.78","32.74","65.79"
"신세계I&C","-1.43","-0.66","-10.20","-25.85","-26.39","-53.23"
"SNT홀딩스","0.90","0.22","-3.04","28.98","29.58","26.70"
"팜스코","-1.44","1.98","-5.50","-36.62","-30.29","-66.72"
"YG PLUS","7.08","5.92","63.62","0.11","3.06","-52.13"
"LG헬로비전","0.00","-0.81","-6.82","-28.07","-28.28","-61.38"
"광주신세계","-0.51","-0.51","-1.52","-3.16","-5.98","-19.83"
"하나투어","3.44","3.23","2.40","-1.92","-2.29","-29.16"
"키움증권","1.88","-2.27","-9.51","25.33","33.65","18.20"
"상신브레이크","-2.33","-10.12","-15.07","-19.73","-16.88","-25.73"
"한미반도체","0.25","-4.60","-22.46","30.96","30.32","351.40"
"주연테크","2.12","3.06","-6.13","-41.29","-37.01","-73.88"
"KSS해운","-0.11","-2.18","-3.24","-3.14","6.92","-23.42"
"코스맥스","0.00","-2.21","-2.32","-20.88","-16.65","-43.18"
"유니온머티리얼","1.98","6.18","-1.28","-20.14","-14.71","-25.64"
"한국항공우주","-0.15","-3.26","21.83","30.60","41.04","113.05"
"우진플라임","-0.23","-3.19","-7.61","-29.98","-33.70","-52.73"
"한전KPS","1.88","2.67","1.76","35.54","35.74","11.74"
"진양화학","0.19","-4.42","-0.73","-12.46","-15.99","-36.09"
"스카이라이프","1.71","-1.14","-4.70","-19.59","-19.59","-50.98"
"한미글로벌","-2.20","1.07","8.68","-22.00","-27.30","37.01"
"현대홈쇼핑","-0.11","2.15","-5.95","4.65","6.63","-31.22"
"포스코스틸리온","0.32","-5.33","-18.16","-45.05","-40.99","-44.46"
"세아홀딩스","2.92","2.61","5.15","-5.46","-2.39","-4.58"
"다스코","-2.70","-1.37","7.12","-15.06","-19.15","-27.51"
"KTcs","0.00","-2.63","-6.25","-22.92","-16.29","6.12"
"케이티스","0.20","0.39","-5.00","-14.93","-12.76","0.59"
"종근당바이오","2.04","1.58","-28.12","-5.66","4.41","-42.60"
"세이브존I&C","-0.25","-2.43","-5.85","-16.08","-13.73","-32.89"
"삼성출판사","2.14","-8.10","-6.93","-30.63","-10.13","-63.82"
"대호에이엘","0.00","7.68","16.20","-2.60","2.15","-65.82"
"한세엠케이","0.83","-8.89","-15.64","-37.53","-38.82","-71.93"
"DSR제강","-0.59","-1.33","-8.09","-19.86","-20.90","-32.87"
"하이스틸","0.00","0.33","-6.39","-8.52","-7.82","0.00"
"지역난방공사","0.60","6.74","6.40","107.36","117.13","32.03"
"롯데하이마트","-0.65","-0.91","-5.47","-25.83","-27.04","-70.84"
"코아스","-2.65","-4.24","-8.89","46.10","34.71","649.79"
"HD현대마린엔진","0.58","-5.71","-10.38","62.39","98.95","280.00"
"유엔젤","1.67","-14.43","-12.50","18.28","24.49","-22.22"
"농심홀딩스","0.15","0.00","-2.40","0.46","0.15","-16.22"
"이엔플러스","-0.58","-3.54","-35.66","-73.32","-76.28","-69.63"
"새론오토모티브","-0.59","-4.79","-13.22","-17.56","-12.21","-37.06"
"유니퀘스트","4.49","0.22","-1.52","-25.33","-19.07","-60.35"
"텔코웨어","0.00","-0.20","1.73","-0.10","-1.97","-11.77"
"CJ CGV","-0.19","-1.32","-6.79","-9.69","-6.62","-80.70"
"현대리바트","-1.52","-2.39","-3.00","0.13","-1.27","-49.05"
"휴비스","0.00","0.41","-13.04","-40.90","-43.70","-72.49"
"일진다이아","-0.34","-4.88","-7.14","-20.03","-14.47","-66.52"
"휠라홀딩스","0.64","1.43","-4.29","0.90","2.49","5.11"
"동양생명","-2.03","4.13","6.42","28.04","27.19","-15.82"
"그린케미칼","0.21","-4.13","-18.94","-27.38","-29.58","-49.59"
"대한제강","0.83","1.81","6.55","13.39","7.40","-9.85"
"동양고속","-1.72","-2.44","-7.30","-38.60","-38.65","-60.10"
"이월드","0.32","0.13","-10.43","-9.65","20.69","-31.30"
"대상홀딩스","-0.34","7.41","4.99","-33.68","28.49","-8.96"
"엔케이","0.67","-0.79","-3.34","-25.07","-24.32","-27.94"
"진도","0.00","3.19","0.38","-9.48","-12.70","-40.29"
"맥쿼리인프라","0.70","1.33","-3.29","-7.68","-8.20","-18.51"
"HDC현대EP","2.12","-3.21","-9.95","-20.61","-24.03","-41.52"
"평화산업","0.00","-4.77","-8.47","-30.82","-28.84","-50.65"
"노루페인트","0.25","-2.30","-8.10","-12.86","-18.50","-31.98"
"메타랩스","1.51","-5.04","-13.95","-36.54","-37.66","-71.68"
"세원이앤씨","0.00","0.00","0.00","0.00","0.00","-79.68"
"디아이씨","-3.42","24.24","6.91","-17.67","-23.22","-7.34"
"KEC","3.66","0.95","-5.35","-45.41","-40.89","-77.61"
"KPX홀딩스","0.19","0.00","-4.11","4.48","3.47","-18.42"
"기신정기","-0.40","-0.80","-2.55","-18.92","-17.58","-45.20"
"이아이디","0.00","0.00","0.00","0.00","0.00","-56.23"
"형지엘리트","-2.29","-14.58","-18.00","-20.13","-21.60","-65.13"
"효성ITX","0.56","1.46","0.32","0.72","2.04","-41.77"
"웅진씽크빅","-0.66","0.30","-4.17","-35.35","-34.84","-52.85"
"JW홀딩스","0.69","-0.34","-5.03","-16.19","-14.02","-12.56"
"비상교육","0.17","0.17","13.62","7.75","33.64","-27.54"
"진양홀딩스","-0.16","-0.32","-0.32","-1.56","-1.86","-13.31"
"SNT에너지","9.80","12.89","30.88","135.23","141.26","-18.44"
"인바이오젠","0.00","0.00","0.00","0.00","0.00","-88.25"
"동성코퍼레이션","1.01","-3.85","-7.42","-11.22","-8.37","-22.88"
"쌍방울","0.00","0.00","0.00","0.00","0.00","-60.84"
"이연제약","1.35","-6.25","-15.08","-13.85","-6.50","-65.66"
"우진","1.47","1.72","1.47","-11.18","-4.73","-8.73"
"미원에스씨","-0.78","-3.06","-4.76","-3.55","-10.06","-46.10"
"영원무역","0.00","1.68","-7.75","-13.82","-16.03","-10.68"
"GKL","0.38","2.21","-3.09","-20.98","-24.66","-23.58"
"대성에너지","2.08","4.71","1.41","14.90","14.90","15.90"
"에스메디","0.00","-0.92","-8.26","-19.50","-20.30","-77.48"
"KC코트렐","-2.16","5.35","0.22","-71.46","-70.58","-91.88"
"조선선재","-0.32","0.43","-1.17","-5.49","-8.37","-11.00"
"아이마켓코리아","-0.12","-0.73","-2.74","-4.89","0.12","-24.70"
"한국화장품","-1.11","2.63","-10.46","-1.57","-9.81","-32.51"
"에스제이엠","-0.48","-1.43","-7.88","-14.72","-17.22","-33.33"
"현대에이치씨엔","-10.07","-1.08","-8.16","15.28","13.84","-22.21"
"대성산업","-2.06","0.45","-4.45","-7.12","-5.54","-25.53"
"인터지스","0.23","-1.61","-3.16","-9.49","-11.73","-41.95"
"한전산업","1.47","2.14","-7.05","69.17","68.94","-9.82"
"미원화학","-0.13","-1.89","-2.14","9.27","15.77","-1.14"
"시디즈","-1.87","-18.73","-20.50","-18.17","-15.54","-61.54"
"선진","-0.50","-1.79","-14.25","-9.06","-15.21","-47.88"
"메리츠금융지주","-0.96","-0.48","-2.36","75.13","89.91","194.87"
"코오롱플라스틱","1.47","-2.29","-5.62","-29.25","-26.23","-59.26"
"DGB금융지주","0.24","-0.61","0.12","-3.42","-1.44","-13.77"
"이마트","0.32","8.12","-0.16","-18.28","-18.60","-60.63"
"에이리츠","0.00","0.00","0.00","-9.93","-16.87","-66.55"
"케이탑리츠","0.00","0.30","-2.24","-1.67","-2.05","-31.15"
"삼양사","0.20","0.10","-4.00","10.20","10.82","-22.23"
"DSR","0.65","1.45","-3.88","-11.00","-13.21","-34.27"
"애경케미칼","0.67","-6.63","-16.65","-41.30","-25.90","-23.32"
"한국타이어앤테크놀로지","2.41","3.80","2.27","-15.75","-11.97","-6.93"
"한국콜마","-1.96","-1.61","-23.86","2.43","17.43","32.77"
"동일고무벨트","-1.68","-2.93","4.25","22.74","22.74","-4.52"
"동아에스티","-2.60","-13.55","-19.34","-7.67","12.39","-8.06"
"JB금융지주","0.28","-1.53","6.17","58.56","65.84","114.74"
"한진칼","-1.80","-6.57","-22.46","-2.34","34.40","29.74"
"NHN","1.83","2.25","8.48","-26.04","-23.92","-63.53"
"아세아시멘트","-0.75","-0.47","-4.08","0.95","-0.47","-17.27"
"신송홀딩스","-1.14","-0.43","5.64","14.36","5.00","25.54"
"현대로템","4.07","6.40","2.31","150.00","156.76","214.42"
"종근당홀딩스","-1.75","-5.08","-15.44","-27.20","-14.18","-3.23"
"화인베스틸","-0.19","-0.38","16.65","-17.34","-19.63","-63.62"
"쿠쿠홀딩스","0.22","-0.22","-2.15","38.89","34.06","22.97"
"BGF","0.43","-1.55","-4.12","-8.27","-2.10","-40.15"
"코스맥스","-3.31","1.62","-6.01","3.96","10.79","29.46"
"서연이화","-0.73","-1.76","-12.41","-35.97","-26.38","71.03"
"HL만도","-1.78","8.68","14.09","4.96","15.20","-30.59"
"씨에스윈드","2.48","-5.92","-29.80","-41.10","-20.79","-32.87"
"한솔제지","0.23","-1.77","-5.62","-16.35","-14.67","-36.88"
"삼성SDS","0.27","8.30","1.23","-12.53","2.20","-3.75"
"다이나믹디자인","-5.70","-20.86","-34.43","-34.43","1.30","-86.72"
"SK디앤디","1.51","2.07","-11.47","-55.68","-51.31","-75.42"
"경보제약","0.00","0.00","0.00","-11.32","-12.26","-18.60"
"미래에셋생명","1.54","1.93","0.57","11.02","4.96","28.09"
"토니모리","0.17","-4.17","-27.20","41.13","33.26","-6.43"
"이노션","0.05","0.87","-1.05","-7.52","-6.21","-66.40"
"동일제강","-1.82","-13.62","-12.21","-28.00","-28.76","-51.88"
"HDC랩스","-0.89","-0.89","-3.46","4.97","5.39","-35.10"
"LIG넥스원","-0.43","-9.50","-7.71","78.93","151.08","259.23"
"AJ네트웍스","0.22","0.22","-5.07","-7.93","10.08","-21.49"
"제주항공","0.22","1.56","3.86","-22.08","-21.41","-45.01"
"현대코퍼레이션홀딩스","-0.94","-1.77","-0.66","-1.96","-2.59","-14.12"
"금호에이치티","3.95","3.58","-7.66","-9.53","-15.97","-76.98"
"세진중공업","4.40","-2.47","-4.69","49.74","61.09","16.53"
"잇츠한불","1.30","-4.37","-10.32","-10.61","-12.54","-46.45"
"제이에스코퍼레이션","-1.42","1.18","-7.21","-15.76","-20.24","-41.01"
"삼일씨엔에스","0.40","-7.77","-13.92","-13.43","-24.14","-61.08"
"포스코퓨처엠","-0.46","-17.10","-25.55","-52.20","-42.90","16.73"
"포스코DX","1.15","-10.57","-19.56","-70.35","-61.06","243.75"
"동서","-1.88","1.56","33.03","43.41","42.94","-27.90"
"NICE평가정보","0.78","9.25","4.32","22.28","31.00","-40.16"
"파라다이스","1.16","1.48","-9.35","-27.93","-32.30","-38.06"
"한국토지신탁","0.30","-0.10","-4.73","-14.30","-16.22","-61.27"
"카카오","3.13","8.87","-5.97","-33.33","-24.27","-71.50"
"콘텐트리중앙","4.68","7.84","-12.78","-41.42","-35.87","-87.21"
"엘앤에프","-0.98","-14.55","2.33","-50.49","-32.71","-59.27"
"셀트리온","0.17","4.22","-8.23","-14.19","1.77","-17.75"
"비에이치","1.64","-1.52","-8.76","-26.62","-26.96","-25.74"
"SK오션플랜트","0.08","-14.87","-16.60","-39.76","-24.86","-47.76"
"LX세미콘","0.00","1.20","-7.81","-32.03","-36.76","-49.92"
"PI첨단소재","0.12","-0.12","-14.38","-43.57","-41.56","-64.37"
"더블유게임즈","0.21","1.17","-7.38","20.38","23.36","-10.84"
"해성디에스","-3.44","-2.18","-19.82","-59.48","-56.58","-56.66"
"한국자산신탁","0.36","1.44","-4.07","-10.60","-18.00","-34.61"
"두올","0.46","-0.30","-8.06","-6.23","-0.75","-19.37"
"샘표식품","-0.58","-2.08","-10.09","-6.00","-4.26","-37.94"
"일동제약","0.00","0.74","-17.05","-32.21","-25.71","-17.66"
"LS에코에너지","4.86","-5.19","-15.03","13.64","106.88","194.30"
"화승엔터프라이즈","-2.68","-4.91","-1.25","2.71","-4.70","-52.99"
"용평리조트","-3.57","-3.57","-20.69","1.80","2.81","-44.95"
"해태제과식품","1.07","0.53","0.18","4.63","6.81","-31.52"
"스타리츠","7.12","20.98","17.30","-73.59","-49.18","-27.75"
"디와이파워","-1.17","-3.36","1.12","2.76","-0.24","-1.02"
"JW생명과학","-0.44","1.62","0.89","-12.35","-11.18","-20.00"
"삼성바이오로직스","0.55","-6.69","-13.11","21.18","27.92","4.47"
"두산밥캣","0.26","-1.55","-11.28","-24.31","-8.73","-1.68"
"핸즈코퍼레이션","2.98","-2.23","-2.77","-33.11","-33.46","-61.87"
"호전실업","-2.56","2.44","2.57","0.88","-2.20","-23.90"
"덴티움","1.03","1.03","-23.77","-55.19","-52.66","-1.34"
"크라운제과","-0.12","0.75","-4.39","-3.82","-6.06","-18.01"
"HD현대","0.00","2.39","-4.93","21.80","28.07","32.70"
"HD현대일렉트릭","2.49","-3.01","19.16","350.12","333.26","0.00"
"HD현대건설기계","-5.28","-1.66","6.28","14.51","23.59","50.44"
"넷마블","3.86","-1.29","-11.16","-14.37","-0.50","-60.67"
"경동도시가스","0.71","0.49","-1.80","-4.78","-6.65","-18.77"
"미원에스씨","-0.45","1.06","-10.64","-2.77","-3.40","-37.28"
"오리온","0.31","-0.20","-2.00","-15.68","-18.62","-7.20"
"제일약품","-0.31","-1.08","-13.98","-24.80","-18.56","-59.50"
"테이팩스","0.07","-4.37","-18.59","-51.44","-52.91","-82.36"
"삼양패키징","-0.36","-1.96","0.92","4.36","4.56","-30.53"
"동양피스톤","-1.29","-5.93","-19.86","-5.25","-14.18","-33.04"
"진에어","2.99","7.69","12.49","-3.65","-8.32","-41.19"
"케이씨텍","0.49","0.49","-14.36","15.67","29.44","31.91"
"BGF리테일","0.85","-0.28","-4.11","-18.28","-20.75","-29.17"
"SK케미칼","4.15","-2.29","-16.44","-36.55","-32.76","-70.65"
"쿠쿠홈시스","-1.42","-1.42","-10.52","-2.80","-5.66","-47.41"
"애경산업","-1.19","-1.94","-15.91","-23.90","-27.81","-31.71"
"이리츠코크렙","1.14","6.34","-12.50","-8.44","-12.33","-26.53"
"롯데정보통신","1.61","-1.71","-12.77","-31.23","-28.92","-49.37"
"티웨이항공","2.26","-1.01","3.35","22.80","21.78","-8.75"
"신한알파리츠","2.74","2.74","-5.85","-10.85","-8.42","-25.41"
"HDC현대산업개발","-0.79","-1.77","-14.58","29.59","35.53","-18.27"
"효성화학","-0.15","-1.96","-19.48","-62.27","-64.88","-86.89"
"효성티앤씨","-1.76","-1.93","-7.92","-23.56","-25.60","-48.43"
"효성중공업","1.55","-8.50","12.55","182.58","130.25","607.11"
"효성첨단소재","2.68","-1.36","-28.28","-52.97","-51.13","-70.13"
"하나제약","0.93","1.21","-1.09","-22.01","-21.39","-45.60"
"우진아이엔에스","4.22","5.21","-2.49","-34.86","-32.69","-54.13"
"아시아나IDT","1.23","4.03","2.21","-7.10","7.88","-0.44"
"에어부산","1.08","-0.63","-1.88","-23.20","-22.06","-62.86"
"롯데웰푸드","0.62","1.97","-14.83","-8.16","-9.33","-4.05"
"드림텍","7.90","9.74","1.46","-30.64","-20.90","-18.09"
"현대오토에버","4.11","6.60","5.08","-30.54","-10.21","27.74"
"우리금융지주","0.93","1.43","-0.43","25.69","30.82","24.73"
"한일시멘트","0.29","2.74","-1.70","8.52","9.46","-37.19"
"지누스","-3.00","-19.35","-0.24","29.14","22.77","-70.55"
"롯데리츠","-0.62","0.00","-11.88","1.39","-0.04","-43.84"
"자이에스앤디","-1.33","-4.72","-16.85","-34.32","-35.59","-63.76"
"한화시스템","-0.18","4.06","51.04","62.44","90.93","73.54"
"HD현대에너지솔루션","1.09","-5.85","-13.76","-30.27","-19.46","-9.77"
"씨티알모빌리티","0.11","-1.24","-15.60","-61.30","-61.71","-81.97"
"NH프라임리츠","0.11","0.11","-1.49","14.93","3.12","-5.91"
"두산퓨얼셀","0.25","2.92","-10.99","-31.59","-22.21","-69.54"
"케이씨씨글라스","-0.27","-2.48","-6.05","-9.14","-10.44","-36.24"
"솔루스첨단소재","0.98","-8.72","-25.80","-29.66","-21.68","-82.81"
"대덕전자","-0.26","-5.25","-10.23","-43.25","-39.69","-29.43"
"SK 바이오팜 ","-3.46","-10.37","-20.70","-2.69","12.04","-2.79"
"이지스밸류플러스리츠","3.05","4.24","4.04","19.03","23.66","-7.68"
"이지스레지던스리츠","-0.13","1.69","-3.45","5.54","7.83","-27.09"
"미래에셋맵스리츠","-0.56","-0.93","-13.43","-5.81","-14.94","-47.45"
"제이알글로벌","0.35","2.83","-12.37","-28.80","-30.17","-44.18"
"코람코에너지","0.94","2.03","-11.76","-16.78","-22.35","-36.56"
"하이브","2.13","11.23","14.41","-7.49","11.69","-46.07"
"교촌에프앤비","-1.81","11.08","15.81","39.03","39.78","-42.61"
"에이플러스에셋","0.33","3.18","8.60","4.84","10.05","-55.87"
"티와이홀딩스","-0.53","-7.19","-19.09","-32.78","-49.01","-88.93"
"세아제강","2.76","0.35","1.41","-16.13","-9.84","19.96"
"명신산업","-2.38","-14.25","-1.81","-37.35","-36.58","-57.92"
"ESR켄달스퀘어리츠","0.43","1.97","-7.16","27.95","32.48","-28.48"
"DL이앤씨","-0.16","0.66","-1.61","-15.12","-15.93","-49.42"
"솔루엠","5.70","2.97","-8.68","-31.43","-33.26","-25.12"
"SK바사","3.68","-2.41","-18.56","-35.42","-31.42","-80.94"
"SKIET","1.33","-5.84","-19.64","-66.29","-60.88","-84.12"
"LX홀딩스","1.64","-1.30","-4.35","-3.26","-5.67","-23.20"
"엠씨넥스","8.93","10.17","16.25","-33.06","-31.24","-57.72"
"에스디바이오센서","1.60","26.46","8.88","-11.01","-6.61","-81.04"
"F&F","-0.96","-1.72","-16.42","-42.38","-40.99","-71.28"
"화승알앤에이","-0.44","-3.13","-16.77","-17.97","-15.63","-41.58"
"카카오뱅크","1.20","2.68","-7.06","-26.14","-11.92","-67.62"
"크래프톤","3.39","3.21","-10.43","57.54","50.25","-43.73"
"한컴라이프케어","0.00","-1.68","-7.20","-16.10","-20.06","-53.71"
"롯데렌탈","-0.35","1.59","-4.33","3.60","7.48","-26.56"
"아주스틸","-1.37","-6.60","-9.85","-34.23","-31.12","-73.69"
"디앤디플랫폼리츠","0.18","6.04","-13.36","-11.19","-9.20","-47.67"
"일진하이솔루스","-0.66","-0.16","-11.65","-30.93","-22.39","-72.63"
"SK리츠","2.92","9.43","-3.74","19.60","16.95","-20.97"
"HD현대중공업","-0.44","10.22","18.22","75.58","97.47","107.80"
"케이카","-0.40","1.79","-4.81","6.48","19.54","-50.08"
"카카오페이","1.10","2.69","-8.03","-53.55","-46.56","-86.80"
"NH올원리츠","0.77","0.31","-9.08","-3.98","-7.13","-39.39"
"미래에셋글로벌리츠","0.78","-1.14","-11.11","-3.70","6.56","0.00"
"신한서부티엔디리츠","2.52","7.47","-1.14","-5.86","-7.00","0.00"
"SK스퀘어","-1.02","-12.85","-11.76","48.29","65.61","0.00"
"LG엔솔","3.00","-7.49","1.67","-7.60","-11.04","0.00"
"코람코더원리츠","2.02","3.77","-8.46","-2.26","-3.61","0.00"
"마스턴프리미어리츠","1.07","0.06","-22.25","-37.80","-32.74","0.00"
"수산인더스트리","1.16","-2.46","-2.02","15.16","14.02","0.00"
"쏘카","0.52","0.11","-1.74","13.77","23.90","0.00"
"KB Star REIT","0.38","1.94","-9.43","-0.76","6.78","0.00"
"유니드비티플러스","-0.76","-5.10","-12.04","-44.93","-56.84","0.00"
"바이오노트","1.29","2.84","2.95","10.84","13.24","0.00"
"코오롱모빌리티그룹","-0.41","-5.30","-15.48","-35.04","-32.36","0.00"
"한화리츠","-0.28","1.83","-13.93","-15.92","-17.89","0.00"
"한화갤러리아","-0.60","-3.24","-15.41","-14.29","5.91","0.00"
"삼성FN리츠","-0.11","7.29","-5.78","-8.60","-9.33","0.00"
"Hyundai Green Food","-0.77","-0.15","11.33","12.98","9.54","0.00"
"OCI","2.58","1.71","-23.59","-46.45","-46.88","0.00"
"이수스페셜티케미컬","0.62","-24.65","-28.49","1.99","6.51","0.00"
"Dongkuk Steel Mill","1.20","3.32","-5.40","-30.15","-23.48","0.00"
"동국씨엠","-0.16","0.16","-2.66","-12.39","-13.37","0.00"
"조선내화","2.94","3.33","-2.60","-22.54","-34.94","0.00"
"넥스틸","7.78","9.99","47.43","64.53","32.66","0.00"
"STX그린로지스","-1.07","-1.39","-10.81","-25.06","-23.89","0.00"
"두산로보틱스","4.06","6.46","6.13","-40.40","18.29","0.00"
"에코프로머티리얼즈","1.35","-22.21","-22.75","-52.25","21.13","0.00"
"동인기연","-2.29","-11.55","-24.93","-27.58","0.00","0.00"
"DS단석","-3.14","-13.60","95.54","-52.98","0.00","0.00"
"에이피알","5.27","18.67","-6.38","0.00","0.00","0.00"
"SK이터닉스","-0.63","4.67","-11.75","0.00","0.00","0.00"
"HD현대마린솔루션","0.54","0.75","20.98","0.00","0.00","0.00"
"신한글로벌액티브리츠","2.27","4.92","-19.32","0.00","0.00","0.00"
"시프트업","5.68","-10.02","-12.93","0.00","0.00","0.00"
"산일전기","-9.23","-5.23","29.90","0.00","0.00","0.00"
"HS효성","1.12","-1.77","-10.42","0.00","0.00","0.00"
"전진건설로봇","-0.50","19.96","74.41","0.00","0.00","0.00"
"한화인더스트리얼솔루션즈","-5.06","-10.38","-5.42","0.00","0.00","0.00"
"더본코리아","0.48","-12.57","0.00","0.00","0.00","0.00"