"종목명","평균 거래량","총 시가","매출","주가수익비율","베타"
"코데즈컴바인","5.1M","57.11B","40.76B","","0.922"
"와이오엠","74.3K","21.14B","9.22B","6.05","0.725"
"삼천당제약","432.86K","2.66T","204.28B","-568.56","1.45"
"중앙에너비스","254.59K","85.53B","51.26B","","0.584"
"신라섬유","1.01M","24.3B","3.66B","-45.75","0.877"
"안국약품","33.05K","77.06B","252.48B","5.25","0.672"
"무림SP","101.5K","35.6B","172.02B","10.98","1.02"
"이화공영","645.79K","57.93B","159.97B","31.80","1.00"
"피에스텍","11.01K","62.64B","77.05B","-164.14","0.652"
"선광","5.25K","85.4B","185.32B","3.38","0.446"
"대주산업","277.37K","48.35B","104.78B","4.26","0.898"
"에이스침대","3.26K","265.51B","323.16B","4.28",""
"한국가구","23.13K","56.44B","111.89B","4.92","0.752"
"창해에탄올","7.88K","69.42B","137.70B","6.13","0.282"
"대륙제관","14.23K","62.1B","62.62B","57.21","0.68"
"동국산업","267.49K","278.75B","789.61B","21.30","0.773"
"동진쎄미켐","337.98K","1.21T","1.32T","10.27","1.32"
"푸드웰","13.61K","49.88B","280.12B","4.66",""
"대원산업","20.9K","119.82B","795.75B","3.06","0.493"
"한일사료","889.72K","151.51B","416.77B","","-0.478"
"매일유업","6.42K","105.49B","2.16T","2.13","0.631"
"서부T&D","87.12K","365.76B","180.52B","","0.82"
"삼일기업공사","16.78K","37.01B","85.56B","13.80","1.09"
"한탑","416.93K","20.5B","87.84B","-2.39","0.261"
"국영지앤엠","1.14M","70.16B","77.01B","96.04","0.056"
"피제이전자","13.52K","66.75B","162.37B","9.05",""
"보성파워텍","1.89M","147.52B","9.29B","109.91",""
"모헨즈","45.86K","26.32B","106.27B","10.58","1.13"
"푸른저축은행","14.57K","102.39B","0.00","12.10","-0.378"
"진양제약","1.06M","67.65B","111.15B","2.47","-0.234"
"에스엠코어","79.98K","85.55B","159.04B","-10.80","0.966"
"IREM","4.93M","58.47B","66.61B","7.60","-0.22"
"오리콤","40.37K","75.08B","219.09B","7.56","0.527"
"YM","13.35K","43.37B","168.69B","13.76","1.09"
"대명소노시즌","9.01M","84.97B","144.55B","38.93","0.675"
"원풍","23.39K","53.67B","81.25B","6.56","0.336"
"부스타","3.85K","31.68B","101.70B","22.35","0.56"
"대동기어","128.12K","74.15B","269.95B","27.26","0.668"
"삼아제약","45.88K","111.39B","102.55B","5.29","0.369"
"삼보산업","627.38K","18.59B","393.04B","-0.794",""
"엠에스씨","734.76K","99.09B","184.61B","5.05","0.736"
"쌍용정보통신","64.54K","40.7B","354.61B","14.77","0.562"
"경동제약","53.85K","162.46B","178.59B","","0.749"
"형지I&C","1.32M","13.13B","69.74B","-1.06","1.86"
"네이처셀","1.62M","1.65T","28.60B","-308.53","-0.227"
"한일화학","7.71K","36.75B","116.55B","-4.07","0.545"
"원풍물산","41.38K","21.22B","7.61B","33.32","0.633"
"포스코엠텍","303.85K","578B","92.18B","334.36",""
"대한광통신","207.11K","55.51B","148.73B","-1.56","1.09"
"흥국","9.72K","51.7B","138.11B","4.93","1.17"
"신일제약","45.98K","74.86B","96.52B","5.12",""
"하이록코리아","33.6K","291.07B","189.37B","6.47","0.999"
"동원개발","59.14K","215.67B","660.74B","14.45","0.523"
"아진산업","194.04K","98.56B","740.07B","3.09","0.971"
"CBI","265.19K","43.55B","28.69B","6.54","1.12"
"유니크","43.07K","76.32B","348.64B","18.44","1.30"
"서한","72.39K","75.22B","744.97B","7.61","0.915"
"세보엠이씨","41.92K","107.6B","904.05B","2.60","1.01"
"뉴인텍","134.2K","25.3B","76.43B","-2.33","0.298"
"리드코프","18.35K","107.75B","489.59B","-8.04","0.496"
"모베이스전자","328.96K","118.4B","941.01B","10.04","1.05"
"원일특강","6.04K","31.94B","376.75B","5.50","0.864"
"스페코","3.44M","118.31B","22.98B","-16.33","1.61"
"보령메디앙스","20.44K","22.94B","59.85B","-63.64","0.629"
"원익큐브","274.33K","54.01B","262.96B","14.31","1.42"
"광림","698.49K","91.14B","158.29B","153.19","0.474"
"고려제약","35.12K","50.14B","77.92B","-43.31","0.124"
"오리엔탈정공","842.34K","199.04B","180.02B","14.04","1.29"
"삼륭물산","8.72K","53.21B","91.23B","21.20","0.868"
"아가방컴퍼니","733.49K","131.77B","184.06B","9.96","0.855"
"부방","102.19K","85.97B","346.85B","-3.44","0.651"
"성광벤드","429.08K","441.55B","245.19B","9.12","0.905"
"코콤","2.17M","76.27B","104.02B","16.01",""
"성우하이텍","312.63K","455.15B","4.35T","3.02","1.27"
"리더스코스메틱","31.04K","49.51B","70.89B","-30.69","0.547"
"SGC E C","5.85K","44.64B","1.48T","-1.47","-0.142"
"큐캐피탈","370.31K","44.85B","2.90B","2.03","0.542"
"디모아","32.81K","13.45B","26.86B","","0.565"
"카스","25.21K","27.11B","154.64B","13.48","1.22"
"신원종합개발","255.67K","35.1B","32.45B","3.83","1.58"
"인터엠","19.8K","20.65B","54.73B","-23.02","0.333"
"삼현철강","18.49K","70.73B","242.93B","15.02","0.584"
"세명전기","762.54K","73.18B","12.41B","78.67",""
"대림제지","3.41K","57.93B","164.92B","3.62","0.623"
"한국알콜","63.4K","179.05B","423.40B","13.12","0.60"
"유니슨","467.14K","98B","72.09B","-3.48","1.04"
"진로발효","3.1K","115.15B","102.20B","10.75","0.327"
"브이티","787.55K","1.05T","388.07B","19.83","0.216"
"삼목에스폼","39.5K","296.61B","457.90B","2.54","1.06"
"우진비앤지","69.82K","26.58B","59.96B","174.01","0.665"
"서울제약","132.06K","40.69B","12.55B","15.71","0.003"
"바른손","50.08K","36.73B","63.71B","-2.51","0.93"
"베뉴지","88.26K","86.43B","69.52B","16.48","0.757"
"와이지-원","40.99K","170.22B","553.58B","10.93","1.09"
"일지테크","30.22K","51.66B","757.67B","1.49","0.977"
"SBI인베스트먼트","734.9K","115.54B","4.81B","42.33","1.09"
"플루토스","2.79M","18.18B","5.91B","-5.29","0.383"
"엠벤처투자","768.09K","104.96B","1.45B","5.39","-0.156"
"글로본","93.34K","13.43B","4.02B","-2.66","0.234"
"서연탑메탈","24.92K","46.25B","176.31B","3.96","1.45"
"에너토크","319.74K","59.33B","23.31B","-65.80","1.33"
"대신정보통신","89.97K","30.97B","42.44B","34.77","0.503"
"대동금속","5.02K","19.04B","36.22B","19.72","0.796"
"시공테크","36.24K","62.91B","123.54B","37.53","0.474"
"대호특수강","16.27K","24.18B","339.72B","-2.98","0.553"
"에이티넘인베스트","491.36K","114.67B","53.89B","6.35","1.04"
"KCC건설","10.79K","84B","428.62B","3.08",""
"한국큐빅","19.11K","36.32B","256.80B","3.98","1.02"
"메이슨캐피탈","565.38K","43.68B","11.62B","-8.42","0.352"
"TKG애강","1.83M","47.5B","16.43B","19.35","0.689"
"태광","281.6K","356.19B","284.83B","8.05","0.703"
"유진기업","105.36K","226.18B","1.44T","4.26","0.787"
"CNH","8.1M","17.96B","179.74B","-0.503","0.72"
"삼보판지","9.34K","137.42B","555.82B","3.04","0.743"
"한국캐피탈","72.19K","176.7B","154.83B","2.59","0.669"
"플레이위드","128.9K","30.23B","2.58B","-1.76","0.80"
"동일철강","18.07K","23.99B","18.77B","-4.05","1.21"
"풍국주정","11.73K","124.87B","162.74B","13.76","1.40"
"대한약품","8.36K","152.29B","198.05B","5.10",""
"흥구석유","2.44M","233.96B","120.05B","255.49","0.173"
"KB오토시스","35.84K","38.53B","210.17B","10.66","1.14"
"한일단조","4.56M","84.59B","162.99B","13.22","0.537"
"유성티엔에스","11.77K","63.49B","197.11B","1.21","0.845"
"세원물산","2.4K","48.26B","206.97B","4.68","0.154"
"KBI메탈","2.95M","79.08B","696.66B","71.13","1.06"
"HLB이노베이션","1.53M","286.78B","0.00","9.37","0.469"
"케이피에프","87.11K","67.92B","815.70B","","0.766"
"경창산업","638.97K","72.59B","667.22B","13.75","1.26"
"PN풍년","494.1K","71.99B","53.74B","21.04","1.01"
"삼천리자전거","39.91K","45.75B","165.38B","-15.04","0.813"
"시노펙스","1.08M","508.64B","251.17B","26.90",""
"DH오토웨어","1.61M","36.17B","397.59B","16.37","0.848"
"한국선재","35.71K","62.28B","233.13B","-11.84","1.07"
"한국정보통신","12.94K","284.95B","800.13B","6.61",""
"신라에스지","5.55K","23.36B","93.73B","47.91","0.893"
"케이씨피드","181.96K","48.07B","99.93B","5.37","0.582"
"동화기업","140.88K","397.95B","947.80B","-6.59","0.879"
"동신건설","96.11K","129.36B","75.41B","21.02",""
"아난티","503.91K","457.33B","485.39B","-55.63","0.965"
"제이에스티나","7.77K","25.88B","76.92B","-3.53","0.924"
"특수건설","373.9K","112.3B","226.56B","-41.53","1.03"
"광진실업","87.83K","12.71B","51.72B","-1.72","0.783"
"서울전자통신","638.3K","17.26B","33.15B","-1.85","0.768"
"코리아나","354.66K","74.82B","84.46B","90.94","-0.111"
"상보","587.08K","59.77B","61.10B","3.19","0.516"
"팜스토리","471.86K","131.06B","1.48T","14.40","0.078"
"대성창투","326.36K","76.84B","19.68B","7.13",""
"휴맥스홀딩스","210.31K","32.92B","658.54B","-1.06","0.797"
"HLB","1.29M","10.24T","44.70B","-53.52","0.697"
"광무","727.09K","161.07B","16.10B","1.50","0.292"
"코엔텍","230.13K","434.8B","21.50B","14.72","0.35"
"드래곤플라이","3.05M","16.45B","28.73B","-0.552","1.02"
"한글과컴퓨터","726.36K","566.78B","310.17B","28.81","0.581"
"원익홀딩스","2.54M","199.74B","665.27B","-3.39","1.35"
"양지사","192.53K","113.87B","6.65B","781.72","-0.589"
"아이즈비전","71.01K","42.29B","181.99B","20.08","0.813"
"에스에이엠티","261.51K","257.08B","2.58T","5.55","0.718"
"오스템","84.51K","35.68B","140.85B","-2.02","1.22"
"에스유홀딩스","144.15K","14.09B","12.29B","-0.817","0.506"
"피에스케이","375.71K","735.28B","132.98B","13.57","1.56"
"아즈텍WB","26.49K","25.49B","36.55B","-5.45","0.599"
"다우데이타","46.25K","404.45B","10.00T","4.78","1.60"
"삼일","15.44K","24.1B","102.06B","21.48","0.824"
"케이엠더블유","184.78K","319.76B","81.37B","-5.05","0.673"
"TJ미디어","27.24K","67.57B","92.80B","18.12","0.831"
"피델릭스","7.22M","43.25B","16.63B","-20.47","0.535"
"유비케어","915.8K","180.14B","170.58B","-290.27","1.11"
"소프트센","411.39K","32.95B","62.45B","-9.23","1.29"
"삼진","188.94K","37.23B","147.23B","14.09","0.825"
"엠젠솔루션","215.01K","48.32B","89.84B","-2.63","0.009"
"판타지오","366.94K","28.57B","72.33B","-3.47","0.391"
"비트컴퓨터","196.47K","78.1B","35.90B","13.47","0.814"
"원익","612.26K","63.13B","137.12B","-9.85","1.42"
"동일기연","5.09K","40.4B","25.23B","39.58","0.596"
"바이온","377.1K","34.07B","14.33B","-4.58","0.90"
"제이엠아이","24.98K","28.31B","80.28B","9.41","0.047"
"제룡전기","504.82K","716.38B","277.74B","8.40","0.418"
"디지틀조선","1.23M","62.35B","37.02B","","0.932"
"엠케이전자","295.93K","145.83B","1.19T","-3.71","0.925"
"시그네틱스","1.2M","71.58B","140.52B","-4.56","1.36"
"모아텍","7.79K","28.58B","0.00","-14.69","0.369"
"인성정보","2.93M","94.45B","361.68B","-26.70","0.033"
"코웰패션","325.42K","108.65B","801.55B","7.39","0.138"
"엠투엔","31.54K","74.57B","84.64B","16.88","1.05"
"제이씨현시스템","2.26M","69.71B","238.68B","-163.57","1.00"
"좋은사람들","475.26K","54.1B","85.37B","48.36","-0.449"
"동성화인텍","159.03K","353.91B","538.44B","28.67","0.934"
"파라텍","1.13M","57.29B","256.51B","-7.10","0.856"
"블루콤","48.63K","53.76B","27.93B","-103.70","0.759"
"네패스","73.35K","150.31B","495.55B","-1.38","1.01"
"Fino Inc","286.54K","136.26B","9.85B","3,675.02","0.368"
"티비씨","65.17K","74.59B","44.07B","13.18","0.571"
"해성산업","21.34K","177.21B","2.25T","-9.58","0.726"
"조아제약","38.63K","29.65B","61.03B","-3.38","0.52"
"한국기업평가","2.08K","386.31B","97.65B","17.41","0.14"
"그래디언트","197.44K","189.35B","3.45T","-3.66","1.24"
"프럼파스트","52.42K","24.97B","28.58B","19.23",""
"골드앤에스","928.95K","18.98B","9.49B","-4.16",""
"기산텔레콤","125.06K","25.07B","69.93B","-15.41","1.37"
"KG이니시스","61.3K","236.37B","1.42T","3.38","0.532"
"솔본","32.71K","93.68B","128.22B","2.14","1.14"
"바른손이앤에이","133.14K","32.53B","13.68B","-3.40","0.928"
"CJ ENM","67.45K","1.25T","4.69T","-10.26","1.20"
"이지홀딩스","79.78K","186.94B","646.79B","7.30","0.73"
"서희건설","587.4K","277.14B","1.56T","2.16",""
"JYP Ent.","412.4K","1.97T","528.93B","","0.865"
"예림당","2.86M","52.29B","15.80B","11.71","0.949"
"아비코전자","53.33K","60.55B","119.92B","-113.09","1.34"
"케이티알파","399.97K","186.27B","478.14B","9.24","1.18"
"위지트","3.19M","91.76B","157.09B","-6.71","1.51"
"SCI평가정보","533.62K","69.77B","36.27B","45.95","-0.251"
"클라우드에어","46.91K","50.63B","13.42B","12.30","0.951"
"지더블유바이텍","857.66K","53.93B","39.72B","-2.30","1.08"
"금화피에스시","7.15K","147.64B","335.88B","3.37","0.35"
"유니셈","284.84K","172.38B","223.68B","12.58","1.48"
"대성미생물","24.68K","35.45B","24.01B","-14.25","0.923"
"SFA반도체","512.71K","523.05B","426.12B","","1.04"
"영풍정밀","844.47K","233.42B","132.54B","5.81",""
"감성코퍼레이션","646.86K","273.08B","15.90B","-82.94","0.717"
"세종텔레콤","104.46K","82.82B","372.36B","11.80","1.09"
"HRS","149.48K","78.07B","80.35B","5.36",""
"심텍홀딩스","61.06K","55.42B","1.22T","","1.39"
"나이스정보통신","4.4K","159.19B","938.29B","4.66","0.382"
"솔브레인홀딩스","88.42K","761.38B","586.83B","12.68",""
"주성엔지니어링","605.86K","1.31T","338.28B","15.96","1.57"
"인지디스플레","33.06K","60.21B","699.06B","9.58",""
"성도이엔지","107.94K","62.64B","791.32B","2.69",""
"EG","127.77K","57.36B","53.81B","-8.89","1.18"
"우리조명","57.78K","29.39B","1.33T","6.77","0.996"
"희림","744.29K","74.23B","237.76B","7.68","0.894"
"쎄니트","12.52K","45.21B","139.67B","22.77","0.718"
"제일테크노스","32.16K","55.88B","248.41B","2.38","1.20"
"루멘스","236.93K","55.58B","167.66B","11.38","1.48"
"서린바이오","235.63K","54.48B","84.51B","-110.73","0.736"
"KCI","14.48K","70.37B","23.56B","37.65","0.602"
"코맥스","16.93K","45.89B","144.88B","","1.45"
"에프에스티","266.66K","336.06B","203.91B","-23.00",""
"진성티이씨","111.83K","188.86B","420.42B","9.86","1.35"
"파세코","41.59K","97.48B","152.51B","-121.50",""
"한국팩키지","7.87K","56.59B","231.65B","14.42",""
"삼지전자","21.32K","130.8B","2.98T","2.64","0.991"
"엘컴텍","1.64M","93.18B","51.66B","45.48","0.446"
"에코플라스틱","117.27K","102.86B","2.27T","2.86","0.629"
"마크로젠","68.44K","161.16B","131.02B","-8.65","-0.121"
"MIT","224.24K","564.74B","8.35B","",""
"레드캡투어","13.51K","143.13B","357.44B","6.98","0.688"
"바이오스마트","227.9K","81.38B","473.76B","13.81","0.764"
"삼표시멘트","349.12K","346.75B","807.11B","6.47","1.01"
"케이바이오","3.56M","28.99B","48.29B","-143.39","-0.306"
"위즈코프","172.51K","37.96B","82.15B","-109.20","1.39"
"에스넷","22.67K","67.29B","496.36B","3.99","1.23"
"에코바이오","199.49K","48.41B","16.48B","15.06","0.91"
"아이에이","815.37K","53.62B","55.67B","-3.31","1.06"
"파인디지털","6.36K","28.66B","80.01B","34.96","0.902"
"현대통신","21.03K","46.84B","24.39B","3.03","0.862"
"이건홀딩스","133.97K","78.41B","458.30B","-4.33","0.88"
"이오테크닉스","111.94K","1.44T","292.91B","65.32","1.40"
"오스코텍","914.99K","935.96B","4.62B","","1.19"
"경남스틸","44.42K","75.27B","389.69B","12.12",""
"인포뱅크","143.3K","50.46B","136.40B","-16.81","0.703"
"세중","20.65K","28.11B","37.98B","8.01","0.809"
"한국경제TV","28.87K","125.2B","86.28B","11.67","0.573"
"케이엘넷","32.38K","54B","49.91B","6.45","0.754"
"에스티아이","273.18K","235.06B","297.56B","14.86","1.51"
"다산네트웍스","1.9M","159.64B","184.16B","-6.86","1.45"
"화성밸브","2.49M","106.08B","93.61B","17.92","0.867"
"한국정보공학","9.44K","19.52B","147.99B","6.68","1.39"
"오로라","8.62K","58.51B","242.67B","12.71","0.571"
"디오","49.05K","250.35B","121.26B","-4.37",""
"나노엔텍","3.57M","108.21B","27.80B","-192.52","0.729"
"폴라리스AI","5.67M","160.44B","54.70B","-53.39","0.66"
"누리플렉스","16.04K","30.45B","123.07B","-2.52","0.772"
"YTN","785.09K","131.25B","34.42B","2.32","0.299"
"크레오에스지","1.19M","86.91B","8.23B","-9.19",""
"정상제이엘에스","14.24K","96.95B","108.03B","10.66",""
"SG&G","45.77K","54.06B","50.52B","2.07",""
"아이씨디","60.72K","72.26B","97.85B","-2.98","0.937"
"폴라리스오피스","1.63M","293.13B","215.60B","86.54","1.45"
"우리기술투자","3.42M","791.17B","3.31B","3.45","1.55"
"현대에버다임","2.36M","178.6B","305.88B","-119.62","0.583"
"한국전자인증","139.45K","58.49B","37.16B","36.09","1.10"
"에스엠","118.02K","1.76T","991.32B","22.64","0.848"
"ELC","9.68K","60.36B","91.17B","-6.40","1.68"
"플래스크","6.3M","103.92B","17.53B","","0.546"
"인바디","27.75K","289.2B","185.34B","8.22","0.683"
"폴라리스AI파마","40.95K","73.06B","63.94B","77.20","0.765"
"메디아나","81.71K","92.52B","64.72B","13.25",""
"동아화성","32.52K","94.96B","375.66B","6.98",""
"코미팜","80.38K","277.11B","54.53B","24.49","-0.573"
"케이피엠테크","1.09M","46.23B","41.84B","-4.13","0.763"
"에스씨디","77.72K","69.69B","205.07B","10.19","1.11"
"비츠로테크","390.4K","192.83B","365.00B","-44.92",""
"네오위즈홀딩스","10.88K","124.67B","411.58B","112.79","1.11"
"링네트","60.69K","72.81B","186.56B","4.72",""
"라온시큐어","1.63M","97.85B","55.25B","-96.34","1.02"
"한스바이오메드","21.46K","95.06B","80.64B","-13.58","0.689"
"새로닉스","19.23K","127.21B","208.12B","-2.56","1.10"
"상지카일룸","19.55K","23.05B","85.26B","-14.29","0.372"
"더테크놀로지","5.01M","22.4B","15.75B","-1.61","0.05"
"Alphanox","347.04K","16.67B","27.31B","-0.977","0.116"
"바텍","25.4K","300.8B","388.25B","6.59","0.858"
"파루","237.25K","21.02B","47.43B","-51.63","0.309"
"성호전자","459.3K","70.68B","252.55B","3.54","0.929"
"에쎈테크","27.13K","44.75B","51.79B","","-0.589"
"디지아이","19.54K","18.24B","4.92B","18.05","0.624"
"피에이치에이","33.53K","187.52B","1.18T","3.16","1.10"
"웰킵스하이텍","331.45K","14.87B","28.90B","-1.80",""
"지니뮤직","1.26M","124.95B","316.66B","17.26","0.979"
"국순당","163.32K","72.41B","70.02B","23.46","0.59"
"서울리거","106.87K","28.81B","19.07B","","1.31"
"자연과환경","678.35K","69.17B","65.51B","15.21","0.082"
"조광ILI","946.82K","70.08B","31.33B","","0.783"
"KD건설","205K","12.5B","171.04B","2.48","0.319"
"위닉스","10.98K","80.78B","365.33B","9.21","1.26"
"빌리언스","469.16K","23.14B","113.91B","-1.47","0.29"
"태웅","82.63K","198.87B","403.26B","8.84","1.31"
"에이치케이","22.18K","20.74B","63.64B","85.21","0.817"
"이글벳","98.41K","61.82B","42.09B","20.10","0.939"
"오공","22.56K","44.64B","161.40B","4.76","0.06"
"한양이엔지","29.92K","287.77B","1.20T","3.22","0.979"
"성우테크론","11.29K","24.37B","40.23B","","1.19"
"토탈소프트","31.6K","35.58B","19.78B","9.51","1.88"
"대아티아이","337.58K","195.92B","117.51B","20.82","1.12"
"정원엔시스","16.25K","25.4B","177.02B","16.18","0.754"
"크린앤사이언스","27.82K","28.96B","85.93B","20.15","1.31"
"에이텍","108.37K","89.62B","70.53B","23.84","1.27"
"코아시아","114.21K","102.14B","371.03B","-5.69","1.38"
"코다코","177.65K","72.9B","268.98B","","0.432"
"오르비텍","122.82K","62.92B","67.03B","37.39","1.06"
"파나진","175.4K","127.77B","4.69B","-12.88","0.539"
"백금T&A","40.26K","36.18B","156.37B","3.65","1.18"
"삼화네트웍스","985.9K","54.91B","54.24B","13.27","1.02"
"KG모빌리언스","37.28K","156.76B","296.60B","3.45","1.32"
"서울반도체","434.18K","440.34B","1.08T","-13.64","0.873"
"우원개발","278.33K","43.65B","272.25B","43.71","0.762"
"우리로","1.57M","57.07B","45.53B","-9.27","0.522"
"한빛소프트","844.17K","31.5B","26.56B","-13.37","0.487"
"파워로직스","170.6K","170.06B","744.06B","-24.66",""
"이스트소프트","425.78K","168.55B","102.48B","-9.93","-0.044"
"초록뱀미디어","157.32K","131.87B","251.65B","","0.693"
"에이치엘비제약","289.04K","319.46B","20.07B","512.73","0.442"
"현대바이오","308.64K","562.25B","9.24B","-116.49","1.08"
"유라테크","53.72K","72.04B","204.39B","6.48","1.87"
"대동스틸","54.48K","31.88B","138.52B","-13.31","0.408"
"인트론바이오","105.27K","181.55B","9.08B","-31.41","0.493"
"SM C&C","507.7K","155.48B","119.20B","-18.90","1.04"
"TPC","22.46K","32.97B","89.71B","-17.28","0.707"
"엔피케이","16.67K","21.29B","62.94B","22.72","0.819"
"시너지이노베이션","2.76M","208.01B","94.58B","33.37",""
"대원미디어","24.21K","90.15B","276.64B","-41.53","1.16"
"인탑스","125.77K","292.55B","607.08B","13.01","1.16"
"기가레인","487.8K","52.71B","44.87B","-6.14","1.78"
"파인디앤씨","35.13K","50.34B","59.00B","-56.46","0.762"
"셀루메드","7.72M","121.81B","111.87B","-4.93","0.555"
"코메론","48.04K","102.06B","73.84B","4.15","0.617"
"SGA","2M","18.25B","13.42B","3.07","0.89"
"오픈베이스","674.74K","68.22B","197.96B","11.89","0.79"
"유아이엘","69.94K","98.37B","402.48B","6.16","0.168"
"잉크테크","9.5K","71.07B","69.01B","12.97","0.762"
"재영솔루텍","313.71K","55.8B","131.67B","9.55","0.886"
"고려신용정보","35.46K","135.77B","166.07B","11.61","-0.209"
"승일","1.82K","43.24B","140.66B","43.64","0.735"
"미래컴퍼니","35.04K","126.35B","83.79B","-16.47","1.72"
"쎌바이오텍","18.4K","92.67B","54.10B","7.35","0.764"
"비케이홀딩스","36.85K","13.66B","6.94B","-4.38","0.55"
"캠시스","1.16M","71.04B","427.66B","-5.23","0.878"
"ES큐브","489.68K","23.69B","31.97B","-0.806","0.545"
"에스폴리텍","24.74K","19.77B","75.41B","-9.86","1.16"
"아세아텍","54.43K","46.43B","45.68B","11.48","0.325"
"쏠리드","444.95K","298.44B","325.58B","","0.92"
"지어소프트","74.34K","136.07B","542.57B","8.32","1.27"
"토비스","116.14K","265.14B","558.25B","9.21","0.587"
"인터플렉스","103.79K","202.48B","491.91B","5.83","1.02"
"피씨디렉트","564.55K","35.67B","315.49B","77.15","1.47"
"YW","16.22K","30.68B","21.99B","6.32","0.471"
"나라엠앤디","601.92K","57.32B","204.03B","14.72","1.33"
"CJ프레시웨이","14.04K","211.79B","3.14T","4.51","0.673"
"큐로홀딩스","808.49K","16.02B","65.87B","-3.33","0.389"
"중앙첨단소재","2.23M","851.73B","26.35B","-19.96","0.614"
"에스티큐브","283.16K","268.39B","9.94B","-10.79","-0.048"
"iMBC","213.57K","54.51B","47.66B","35.48","1.10"
"현대바이오랜드","279.11K","126.9B","114.69B","18.86","0.452"
"씨티프라퍼티","214.03K","47.46B","9.69B","","1.12"
"코텍","43.48K","99.67B","294.08B","12.31","0.561"
"코나아이","39.19K","209.23B","256.02B","","0.698"
"오성첨단소재","9.21M","118.34B","124.30B","11.53","0.222"
"아이크래프트","270K","24.99B","145.18B","7.21","0.96"
"한네트","472.34K","47.76B","5.33B","21.72","0.973"
"제일바이오","316.69K","56.18B","20.66B","","0.846"
"아모텍","124.19K","46.18B","213.89B","-2.83","1.36"
"아이톡시","293.75K","66.61B","13.99B","-6.84","-0.176"
"액토즈소프트","44.19K","67.19B","81.53B","2.55","1.50"
"아이앤씨","104.87K","25.29B","44.31B","-5.25","1.15"
"KX하이텍","144.94K","48.1B","146.97B","11.82","0.92"
"바이넥스","2.27M","545.23B","128.30B","-32.99","0.457"
"지에스이","1.75M","95.72B","166.80B","26.07","-0.121"
"세동","55.36K","18.31B","167.24B","-12.53","0.936"
"프리엠스","42.99K","63.08B","20.31B","-119.75","2.03"
"금강철강","13.06K","72.98B","208.25B","22.25","0.34"
"구영테크","168.5K","54.91B","381.86B","2.92",""
"예스24","2.41M","127.93B","652.25B","-78.55","1.10"
"NE능률","1.08M","53.83B","21.68B","-7.58","0.218"
"한국정보인증","345.55K","161.62B","108.30B","9.12","0.86"
"이니텍","16.12K","55.34B","12.66B","377.35","0.907"
"세코닉스","231.17K","76.94B","496.77B","6.85","0.785"
"프로텍","55.39K","230.4B","171.43B","9.80","1.37"
"태양","2.77K","49.52B","148.53B","12.33","0.425"
"삼보모터스","49.13K","89.8B","1.52T","2.16","0.81"
"안랩","35.38K","614.36B","246.60B","17.76",""
"경남제약","2.67M","57.53B","69.09B","-1.78","0.165"
"오상자이엘","317.58K","69.07B","110.98B","11.25","-0.801"
"한국컴퓨터","92.15K","71.88B","385.03B","3.29","0.728"
"농우바이오","13.32K","116.7B","143.53B","11.12",""
"삼진엘앤디","64.34K","19.83B","210.08B","-1.22","0.88"
"메디콕스","924.1K","19.78B","28.92B","-0.639","0.107"
"이랜텍","269.4K","125.68B","652.10B","-22.89",""
"비츠로시스","597.95K","22.17B","23.99B","-2.25","0.407"
"팬스타엔터프라이즈","74.38K","31.81B","14.11B","-2.68","0.648"
"케이피티유","3.22K","17.48B","9.08B","9.82","1.08"
"텔레칩스","86.42K","177.73B","188.32B","9.32","1.04"
"삼영엠텍","147.02K","52.28B","114.06B","7.94",""
"APS홀딩스","18.23K","104.11B","35.71B","1.43","1.02"
"에이디칩스","2.17M","12.59B","11.48B","","0.974"
"대한뉴팜","62.33K","99.51B","147.89B","11.50","0.989"
"키이스트","79.44K","80.11B","29.83B","-515.67","1.34"
"아이디스홀딩스","5.39K","80.54B","737.52B","3.53","0.638"
"한컴위드","732.94K","74.01B","468.23B","-13.99","1.87"
"유신","29.39K","77.85B","65.84B","26.42","0.26"
"엑사이엔씨","86.49K","24.55B","175.65B","","0.798"
"제이브이엠","67.86K","215.39B","158.62B","8.12","0.749"
"유진로봇","427.67K","241.2B","21.17B","-26.96","0.876"
"이노시스","552.03K","105.94B","35.89B","55.92","-0.09"
"에스에프에이","86.64K","616.26B","2.21T","9.31","0.695"
"코위버","80.31K","41.03B","69.07B","11.20","0.724"
"신화인터텍","42.29K","45.69B","233.16B","-13.15",""
"CNT85","26.7K","53.51B","24.55B","-0.495","0.056"
"YBM넷","449.69K","58.26B","59.13B","13.92","-0.401"
"옴니시스템","331.11K","44.92B","93.00B","14.31",""
"티사이언티픽","2.12M","94.69B","34.84B","-1.69","0.62"
"Green Pine Tree","7.79M","853.86B","1.73B","13.00","-0.438"
"멕아이씨에스","265.75K","34.95B","13.30B","-3.43","-1.89"
"KNN","147.64K","102.77B","67.33B","11.82","1.18"
"Hanjoo ART","245.06K","27.8B","13.50B","-5.01","1.51"
"리노공업","83.42K","2.29T","89.29B","86.02","1.10"
"에스피지","222.2K","473.49B","392.70B","60.14","0.935"
"엠게임","153.41K","124.24B","80.65B","5.88","0.871"
"CMG제약","568.12K","267.09B","94.36B","115.56",""
"미코","303.23K","254.8B","458.27B","-15.09","0.474"
"아이컴포넌트","29.69K","31.52B","29.77B","-27.29","0.918"
"아진엑스텍","37.56K","65.8B","24.70B","419.47","1.38"
"메타바이오메드","474.64K","85.88B","90.09B","7.28","0.745"
"인선이엔티","51.63K","223.22B","210.75B","-72.25","0.639"
"소니드","956.14K","55.08B","62.22B","-1.27","0.473"
"Staco Link","135.67K","14.39B","5.87B","-1.92","1.43"
"NHN한국사이버결제","131.32K","275.3B","1.06T","6.84","0.768"
"뉴보텍","206.29K","13.67B","45.67B","-2.15","0.865"
"큐렉소","108.32K","266.26B","14.72B","-10.27","0.968"
"3S","325.77K","102.94B","35.64B","116.01","0.503"
"LS마린솔루션","227.95K","361.78B","11.11B","37.32","1.15"
"동양에스텍","29.09K","28.76B","195.18B","39.79","1.00"
"국일신동","16.45K","19.06B","29.97B","","0.618"
"에스에이티","180.92K","37.08B","154.43B","30.80","0.932"
"홈센타홀딩스","401.67K","93.3B","409.68B","5.59","0.851"
"드림어스컴퍼니","744.72K","120.62B","254.23B","-10.54","0.747"
"씨티씨바이오","170.24K","176.69B","134.35B","-10.20","0.417"
"KH바텍","76.52K","190.69B","413.50B","9.77","1.40"
"알에프텍","53.77K","97.57B","350.15B","12.69","1.26"
"화일약품","1.43M","97.87B","31.71B","33.93",""
"엘비세미콘","299.06K","151.28B","444.89B","5.17","1.13"
"컴투스홀딩스","70.27K","164.87B","166.10B","-43.21","0.922"
"서울옥션","678.56K","117.69B","28.36B","-13.64","0.925"
"SM Life Design","100.73K","62.51B","42.32B","11.44","1.12"
"한국전자금융","52.73K","144.22B","344.62B","12.79","0.677"
"인크레더블버즈","154.43K","178.32B","4.60B","33.59","-0.288"
"홈캐스트","79.1K","90.71B","89.21B","-14.27","0.452"
"다날","527.96K","205.72B","285.74B","-8.20","0.592"
"인텍플러스","89.9K","124.91B","85.76B","-18.07","1.82"
"브리지텍","419.44K","55.09B","53.71B","57.75",""
"테크엘","40.28K","42.21B","21.33B","-6.26","-0.407"
"바이오니아","209.68K","520.08B","295.52B","-42.07","-1.14"
"티씨케이","29.08K","840.6B","242.92B","16.37","0.984"
"케이프","70.94K","140.77B","507.71B","7.20","0.237"
"지엔코","139.09K","28.56B","148.50B","-26.02","0.343"
"탑엔지니어링","29.09K","72.33B","852.16B","11.58",""
"대산F&B","740.41K","18.11B","119.58B","","0.543"
"비엘팜텍","2.02M","19.13B","16.71B","-2.05","0.744"
"신성델타테크","289.34K","1.34T","842.64B","-897.51","0.368"
"에스아이리소스","2.79M","16.53B","2.15B","-2.60","0.078"
"이루온","280.37K","37.78B","62.19B","6.19","0.365"
"빅텍","1.41M","126.41B","58.73B","-122.74",""
"오리엔트정공","92.17K","33.76B","168.30B","-7.08","1.52"
"휴비츠","41.09K","85.94B","116.59B","8.69","0.417"
"삼영이엔씨","247.06K","30.18B","4.57B","-7.26","0.671"
"하이퍼코퍼레이션","499.49K","127.8B","10.93B","-12.40","1.41"
"우주일렉트로","26.57K","100.4B","171.21B","8.93","1.29"
"파커스","31.99K","11.54B","61.66B","-1.87",""
"서호전기","12.1K","104.28B","51.56B","6.85","0.51"
"와이어블","45.27K","62.62B","86.86B","21.06","0.868"
"안트로젠","12.16K","141.3B","6.66B","-58.99",""
"CS","26.96K","18.48B","42.18B","20.64","1.30"
"웰크론","948.65K","56.81B","377.64B","-11.65","-0.139"
"큐에스아이","25.78K","52.99B","19.69B","","1.14"
"우수AMS","154.55K","116.61B","350.58B","13.08","0.903"
"국보디자인","6.36K","109.26B","421.59B","3.30","0.665"
"DTC","45.97K","48.58B","19.08B","21.78","0.60"
"테라젠이텍스","215.65K","102.42B","241.95B","4.08","0.404"
"씨씨에스","3.05M","91.27B","18.85B","40.91",""
"디에이피","29.02K","37.4B","446.96B","-3.00","0.992"
"손오공","176.01K","47.09B","39.55B","","0.683"
"한성크린텍","830.58K","95.71B","294.19B","-11.72",""
"조이시티","105.56K","98.84B","154.65B","18.35","0.745"
"이씨에스","31.35K","34.29B","92.00B","13.24",""
"대화제약","1.41M","224.04B","31.27B","146.88","0.33"
"SOOP","76.09K","1.05T","389.71B","12.23","0.727"
"오텍","34.68K","49.65B","939.75B","-2.41","0.244"
"멀티캠퍼스","4.85K","173.36B","355.87B","5.73","0.087"
"JW신약","499.5K","71.43B","97.67B","32.96","0.782"
"하나마이크론","631.86K","588.42B","1.04T","-9.83","1.63"
"하츠","75K","58.44B","31.00B","-17.60","1.26"
"버킷스튜디오","585.92K","98.7B","18.09B","18.30","0.627"
"아스트","407.13K","176.25B","159.79B","13.46",""
"엔브이에이치코리아","150.53K","95.5B","1.48T","4.10","1.03"
"에이치엘비생명과학","742.1K","1.28T","92.87B","-134.99","0.597"
"로지시스","42.03K","25.97B","40.62B","18.81","1.07"
"세진티에스","12.74K","19.25B","13.02B","5.43","1.22"
"와이엔텍","22.74K","113.3B","118.81B","4.56","0.986"
"이글루시큐리티","18.68K","51.1B","106.52B","10.49",""
"도이치모터스","67.94K","132.03B","2.11T","31.14","0.574"
"팬엔터테인먼트","33.22K","54.03B","2.08B","28.47","1.43"
"다원시스","174K","413.31B","313.77B","15.34","0.82"
"일신바이오","856.01K","46.09B","3.53B","14.65","1.41"
"셀트리온제약","114.11K","2.32T","88.76B","104.68","0.263"
"DMS","41.66K","112.12B","164.78B","14.48","1.00"
"디지털대성","14.61K","202.55B","207.78B","14.74","0.353"
"Cellfie Global","2.11M","29.33B","34.05B","2.74","0.403"
"웹젠","96.77K","443.18B","229.33B","","1.22"
"누리플랜","43.29K","15.96B","109.09B","-0.791",""
"유아이디","44.57K","18.49B","57.37B","-13.96","0.676"
"엔텔스","146.39K","35.15B","43.63B","-20.00","1.12"
"에스텍","9.38K","88.05B","454.37B","2.37","0.681"
"라이트론","988.31K","74.35B","19.75B","-1.87","0.435"
"엑시온그룹","236.97K","28.67B","18.70B","12.24",""
"엑스큐어","141.62K","28.52B","61.54B","-13.15","-0.485"
"한솔인티큐브","22.64K","14.5B","42.64B","","0.239"
"인피니트헬스케어","40.98K","105.67B","100.77B","3.47",""
"로체시스템즈","64.83K","203.9B","113.54B","28.79","0.881"
"에이테크솔루션","30.39K","59B","289.87B","42.97","0.964"
"캐스텍코리아","39.32K","45.37B","162.05B","-2.72","0.887"
"중앙백신","40.64K","96.45B","39.19B","26.66","0.642"
"우리산업","49.28K","49.66B","626.95B","7.23","1.18"
"제넨바이오","160K","28.84B","2.69B","","0.895"
"율호","353.93K","132.89B","90.13B","-16.80","-0.093"
"메가스터디","13.26K","127.64B","121.28B","6.03","0.098"
"빛샘전자","18.74K","29.64B","69.12B","7.64","0.801"
"케이에스피","437.1K","163.88B","84.29B","9.49","1.09"
"엘엠에스","12.25K","35.52B","78.53B","-6.18","0.952"
"듀오백","30.47K","24.28B","24.73B","-4.86",""
"이노와이어리스","29.23K","133.98B","169.82B","46.00","0.647"
"에프알텍","39.86K","14.36B","25.70B","35.57","1.47"
"어반리튬","2.43M","66.15B","5.56B","-2.36",""
"테라사이언스","27.04M","59.58B","21.30B","","0.187"
"아미노로직스","359.03K","91.52B","20.89B","54.64","0.819"
"원익QnC","203.47K","524.18B","830.70B","16.65","1.11"
"플랜티넷","1.75M","31.3B","30.97B","11.40","0.918"
"동국알앤에스","239.93K","46.74B","109.42B","81.50","0.663"
"웰크론한텍","43.81K","26.82B","297.24B","-3.25","1.83"
"해성옵틱스","104.58K","25.78B","124.87B","-8.01","1.12"
"덕산하이메탈","102.32K","180.38B","193.88B","46.61","1.29"
"LS Securities","24.01K","203.64B","1.18T","8.64","0.711"
"유비쿼스홀딩스","10.4K","156.87B","139.22B","15.16","0.684"
"국일제지","47.68M","901.92B","73.40B","","0.251"
"대봉엘에스","2.12M","169.62B","90.86B","56.16","1.09"
"HB테크놀러지","1.95M","167.49B","99.63B","4.79","0.782"
"메디포스트","127.5K","240.4B","70.01B","43.82","0.582"
"컴투스","82.64K","483.71B","653.24B","","0.751"
"한양디지텍","122.7K","131.06B","583.50B","9.16","0.65"
"휴림에이텍","832.34K","32.04B","10.92B","-0.095","1.04"
"대주전자재료","209.47K","1.27T","208.25B","71.59",""
"가온미디어","54.35K","51.98B","484.85B","-2.07","0.812"
"퀀타피아","740.6K","151.58B","5.94B","","0.085"
"와토스코리아","18.16K","36.5B","17.72B","14.54","0.738"
"한창산업","35.41K","35.57B","86.01B","5.58","0.17"
"케스피온","1.29M","21.02B","41.89B","","0.178"
"제우스","277.47K","351.22B","429.77B","17.69",""
"서산","64.78K","24.16B","41.62B","18.15","0.62"
"디이엔티","125.6K","127.62B","132.44B","15.96","1.29"
"가비아","15.96K","182B","263.73B","10.84","0.497"
"인베니아","51.8K","13.66B","27.23B","-1.33","0.984"
"동양이엔피","21.17K","143.37B","540.50B","2.48","1.17"
"투비소프트","313.67K","9.26B","36.59B","-0.197","0.313"
"에스엔유","145.18K","53.72B","113.60B","7.36","0.629"
"이상네트웍스","12.22K","49.85B","85.51B","6.38","0.444"
"모두투어","122.49K","165.58B","234.92B","63.67","1.06"
"제주반도체","818.51K","334.14B","169.44B","","1.01"
"모다이노칩","8.34K","143.74B","393.94B","-952.50","0.521"
"성창오토텍","8.33K","28.43B","177.85B","4.75","0.97"
"오디텍","13.35K","32.48B","34.46B","5.31","0.712"
"코디","73.19K","51.83B","79.94B","-20.70","-0.256"
"오킨스전자","236.67K","84.9B","63.66B","56.44","1.19"
"티플랙스","756.8K","69.53B","62.25B","41.27","0.713"
"성우전자","130.3K","65.99B","136.61B","-24.32","0.783"
"옵트론텍","87.27K","54.16B","252.68B","-7.15","1.15"
"젬백스","806.48K","492.43B","63.58B","-14.78","0.957"
"코스나인","2.53M","47.83B","10.12B","-6.55","0.23"
"비보존 헬스케어","840.4K","297.08B","81.52B","-63.84","-0.105"
"우리바이오","8.41M","130.76B","1.30T","14.87","1.20"
"비츠로셀","78.93K","464.84B","186.45B","13.06",""
"엘오티베큠","79.27K","141.67B","302.07B","11.72",""
"GST","621.75K","276.41B","313.73B","7.18","0.99"
"이엠앤아이","44.13K","27.57B","31.31B","-150.49","6.70"
"케이엠","307.65K","34.95B","127.12B","-7.88","-0.051"
"인콘","209.96K","22.9B","51.20B","2.73","1.40"
"비에이치아이","1.97M","499.1B","338.71B","28.48",""
"CSA 코스믹","69.33K","49.65B","40.60B","-10.58","0.277"
"CG Invites","187.18K","197.23B","4.56B","-5.19","-0.059"
"아바코","52.34K","193.37B","212.31B","14.60","0.656"
"수성","2.55M","74.91B","49.94B","9.10","0.686"
"유진테크","173.48K","740.37B","267.05B","34.88","1.30"
"랩지노믹스","11.87M","208.61B","85.34B","-11.39",""
"팅크웨어","41.66K","121.2B","458.97B","8.16","1.10"
"헬릭스미스","147.22K","139.98B","3.17B","-2.98","1.21"
"차바이오텍","304.13K","860.48B","1.01T","-207.33",""
"뉴프렉스","1.6M","112.47B","195.62B","6.92","1.00"
"알티캐스트","2.09M","25.58B","6.01B","-1.86","1.03"
"네오티스","23.75K","42.94B","58.95B","20.57","0.66"
"바이오톡스텍","80.69K","51.21B","34.47B","-13.19","0.397"
"진바이오텍","441.3K","29.66B","80.03B","12.04","0.521"
"유니테스트","259.29K","198.04B","84.79B","-12.31","1.00"
"동국제약","148.54K","772.96B","764.67B","14.40","0.677"
"에코프로","961.38K","8.91T","5.06T","-84.56","0.656"
"비엠티","11.62K","74.55B","131.55B","14.32","0.988"
"이수앱지스","98.8K","184.18B","62.05B","-35.01",""
"메디톡스","79.66K","829.97B","246.25B","269.80",""
"한컴MDS","1.27M","90.04B","162.37B","71.23","0.171"
"쇼박스","1.09M","266.92B","105.26B","-54.78","1.31"
"펩트론","1.22M","2.6T","2.50B","-54.97",""
"픽셀플러스","12.19K","47.2B","16.27B","-13.26","0.552"
"동아엘텍","396.73K","80.69B","186.10B","83.35","0.758"
"이원컴포텍","72.94K","32.87B","9.07B","-1.58","0.08"
"이녹스","27.55K","77.71B","57.99B","-9.39","1.44"
"에이스테크","1.67M","107.86B","120.41B","-0.975","1.38"
"동우팜투테이블","38.49K","49.1B","324.89B","11.57","0.455"
"켐트로닉스","132.16K","242.96B","590.71B","16.33","1.66"
"테크윙","1.04M","1.22T","156.60B","-105.60","1.63"
"넥스턴","972.05K","40.71B","36.22B","-1.08","1.30"
"케이씨티","587.03K","38.42B","16.75B","27.05","1.03"
"THE E&M","95.92K","22.86B","27.42B","-0.785","1.53"
"나스미디어","22.24K","156.93B","147.25B","9.28","0.382"
"제이티","44.43K","35.05B","52.71B","7.43","1.28"
"유비벨록스","23.53K","91.79B","574.65B","6.63","1.15"
"코세스","80.64K","118.41B","95.65B","21.24","1.62"
"상아프론테크","41.18K","286.87B","176.42B","45.67","1.94"
"아이윈","153.25K","28.79B","111.02B","-1.24","1.23"
"로보스타","34.5K","201.34B","103.98B","65.03",""
"덕신이피씨","168.94K","77.56B","190.33B","2.86","0.952"
"제이스텍","123.12K","92.82B","64.50B","-10.77","1.19"
"휴림로봇","4.18M","164.8B","90.33B","-15.19","0.956"
"현대이지웰","167.48K","149.36B","123.27B","360.57","0.748"
"이엠텍","201.23K","434.76B","225.37B","-28.47","0.799"
"S&K폴리텍","27.86K","28.81B","283.79B","6.38","0.784"
"한울소재과학","76.3K","73.63B","24.26B","-5.19","1.74"
"상신이디피","56.45K","103.96B","302.81B","6.28","1.26"
"남화토건","62.17K","50.25B","56.03B","-2.62","0.517"
"파트론","163.24K","359.16B","1.36T","9.40","0.719"
"나노캠텍","137.66K","22.19B","46.37B","-14.91","0.281"
"아미코젠","278.11K","218.99B","158.98B","-5.92","1.08"
"디엔에프","35.69K","104.26B","106.54B","-47.76","1.56"
"이크레더블","3.98K","151.75B","42.35B","11.26","0.279"
"현우산업","39.85K","45.2B","223.23B","5.16",""
"한라IMS","64.03K","116.69B","85.15B","10.52","0.793"
"앤씨앤","62.94K","28.43B","73.88B","-1.41","0.935"
"네오팜","126.08K","201.62B","107.86B","132.00","0.772"
"엑시콘","497.53K","125.9B","43.24B","99.46",""
"빅솔론","29.35K","67.06B","110.31B","6.98",""
"케이아이엔엑스","13.83K","315.85B","124.14B","16.95","-0.174"
"풍강","10.69K","24.07B","93.03B","-24.31","0.865"
"매커스","141.78K","82.82B","156.52B","5.81",""
"케이알엠","95.16K","136.37B","11.34B","-9.27","0.446"
"서원인텍","18.82K","106.02B","261.56B","7.30","0.928"
"동운아나텍","314.51K","352.94B","13.17B","14.15","1.13"
"칩스앤미디어","124.88K","265.18B","25.38B","-14.55",""
"갤럭시아머니트리","2.93M","327.96B","136.09B","159.36","1.73"
"일진파워","189.1K","151.84B","203.89B","9.74","0.787"
"슈프리마에이치큐","88.29K","50.92B","19.29B","5.59","0.809"
"참좋은여행","263.88K","66.91B","77.10B","11.36","1.20"
"네오리진","80.42K","26.94B","29.16B","-5.63","0.894"
"푸른기술","40.91K","47.59B","35.81B","19.36","0.952"
"제이엠티","100.67K","49.97B","167.81B","3.39","0.827"
"이엠코리아","113.82K","88.6B","107.78B","-45.46",""
"웨이브일렉트로","26.61K","47.47B","85.93B","20.29","0.848"
"ISC","139.49K","932.14B","142.69B","34.22","1.50"
"미래나노텍","224.97K","231.23B","682.54B","32.50","1.59"
"테스","89.82K","259.08B","156.39B","37.10","1.02"
"제넥신","953.19K","271.97B","5.81B","-4.70","0.937"
"에스에너지","56.92K","23.44B","152.95B","-3.33","1.11"
"크레버스","21.13K","124.85B","230.95B","","0.342"
"씨젠","884.89K","1.03T","382.48B","49.72","-1.17"
"알에프세미","452.57K","51.55B","25.72B","","1.31"
"에스코넥","490.49K","50.78B","299.39B","-8.35","1.29"
"에이루트","92.92K","34.28B","76.56B","-1.30","0.443"
"엘디티","23.65K","16.5B","9.40B","117.11","0.826"
"Eco Volt","81.67K","52.63B","184.70B","","0.591"
"윈팩","2.28M","99.33B","80.10B","-2.49","1.10"
"네오위즈","77.2K","390.02B","410.99B","9.09","0.343"
"대창솔루션","452.81K","56.18B","65.65B","54.65","1.59"
"효성오앤비","46.22K","46B","28.06B","11.67","0.539"
"마이크로컨텍솔","34.16K","40.82B","63.86B","5.58","1.71"
"고영","384.33K","555.95B","214.47B","34.08","1.13"
"에스티오","135.29K","32.35B","71.34B","46.90","0.251"
"아이센스","178.03K","521.18B","280.29B","-148.58","0.762"
"SDN","2.56M","56.83B","80.00B","-4.70","0.302"
"쎄트렉아이","96.94K","545.92B","160.56B","16.78",""
"동방선기","104.75K","41.34B","5.72B","35.31","1.27"
"스맥","978.97K","119.13B","39.57B","7.47","0.167"
"ITX엠투엠","508.91K","116.09B","20.33B","27.91","0.051"
"인지소프트","10.14K","46.95B","20.29B","13.11","0.517"
"뷰웍스","16.61K","190.52B","228.88B","11.21","0.357"
"동국S&C","248.85K","121.22B","422.00B","","1.07"
"서암기계공업","247.98K","49.83B","43.25B","57.52","0.974"
"세운메디칼","179.79K","112.77B","64.88B","8.41","0.846"
"KS인더스트리","205.8K","65.24B","85.60B","11.48","0.552"
"월덱스","162.68K","274.91B","276.98B","5.48","1.02"
"우림피티에스","116.44K","70.97B","73.26B","11.61","0.618"
"씨큐브","82.29K","38.15B","59.25B","6.47","0.544"
"모베이스","61.96K","67.94B","1.29T","2.53",""
"아이엠","188.41K","30.12B","132.11B","-0.989","0.65"
"엔시트론","135.32K","24.62B","35.03B","14.42","0.519"
"에스앤에스텍","104.66K","447.97B","171.18B","14.56",""
"하이드로리튬","3.83M","119.86B","14.78B","-18.52","-1.73"
"한국정밀기계","18.4K","16.76B","54.69B","-5.44","0.306"
"위메이드맥스","344.89K","299.1B","72.07B","407.36","-0.204"
"인화정공","28.57K","215.39B","108.02B","4.84","1.33"
"어보브반도체","167.53K","137.76B","236.88B","-6.98",""
"이엔에프테크놀로지","104.23K","228.89B","588.56B","-72.92","1.29"
"코오롱생명과학","17.81K","221.01B","140.27B","-2.55","0.527"
"S&W","21.38K","22.57B","43.34B","8.42","0.742"
"대성파인텍","627.18K","43.8B","6.63B","25.56","0.944"
"NHN벅스","175.82K","38.94B","17.66B","-7.93","1.22"
"디와이피엔에프","40.98K","104.2B","174.28B","9.98",""
"티케이케미칼","72.4K","117.62B","201.76B","0.336","0.80"
"코렌텍","34.48K","66.1B","97.28B","-69.20","0.789"
"원익머트리얼즈","62.13K","229.47B","319.42B","13.62","1.11"
"케이엔더블유","126K","62.05B","84.88B","-258.96","1.05"
"엣지파운드리","272.26K","183.79B","36.97B","-4.78","0.432"
"디케이락","145.61K","77.28B","98.96B","25.58","0.953"
"하이소닉","338.76K","52.87B","10.42B","-6.90","0.185"
"하이텍팜","45.25K","165.77B","81.56B","7.30","0.808"
"파인테크닉스","49.64K","14.27B","61.67B","-4.66",""
"노블엠앤비","2.78M","15.9B","3.55B","","-0.111"
"톱텍","65.96K","163.41B","791.38B","2.75","0.605"
"대양전기공업","31.89K","118.87B","178.55B","8.40","0.676"
"셀바스AI","501.12K","306.02B","82.06B","-80.24","0.593"
"옵티시스","6.63K","33.47B","21.40B","20.11","1.25"
"에스와이","1.34M","220.64B","570.22B","-14.39","0.626"
"디에스케이","38.06K","124.38B","44.47B","-63.41","0.323"
"진매트릭스","1.58M","59.34B","4.87B","-24.43","-1.63"
"동일금속","2.95K","69.7B","96.18B","64.55",""
"위메이드","300.47K","1.38T","665.46B","","0.828"
"강원에너지","144.97K","274.29B","230.99B","64.09","0.72"
"폴라리스우노","147.11K","39.59B","79.13B","7.47","0.662"
"아이원스","109.41K","172.43B","146.21B","8.51",""
"우리넷","633.55K","75.82B","164.66B","2.43","0.918"
"HLB테라퓨틱스","1.11M","895.39B","60.30B","-25.85",""
"씨유메디칼","175.78K","31.67B","39.32B","-5.47","0.512"
"케이씨에스","1.04M","87.1B","9.68B","106.32","1.23"
"인터로조","1.3M","312.05B","116.62B","","0.391"
"아이텍반도체","119.46K","108.8B","98.97B","21.40","1.17"
"씨엔플러스","551.65K","28.82B","33.23B","497.37","0.354"
"이미지스","264.93K","38.58B","5.27B","-4.66","0.66"
"KH 일렉트론","3.73M","43.75B","9.82B","1.78",""
"디젠스","89.41K","24.47B","86.61B","4.69","0.336"
"휴맥스","412.32K","61.36B","651.84B","-1.06","1.25"
"큐리언트","177.62K","152.01B","8.75B","-4.93","0.673"
"스타플렉스","54.63K","28.17B","77.63B","-1.94","0.361"
"알파홀딩스","3.42M","37.74B","87.55B","2.98","0.743"
"포메탈","53.93K","32.13B","67.22B","20.66","1.12"
"그린생명과학","597.17K","35.76B","24.60B","-3.65","1.19"
"인포바인","4.82K","41.46B","24.16B","5.51","0.255"
"에이프로젠 H&G","197.03K","96.36B","16.66B","","0.796"
"지엔씨에너지","466.93K","127.97B","216.07B","2.97",""
"대정화금","8.74K","91.75B","92.17B","9.60",""
"골프존뉴딘홀딩스","61.97K","143.99B","407.87B","5.44","1.03"
"나노신소재","85.8K","773.9B","85.53B","86.81","1.07"
"비덴트","910.42K","256.3B","9.96B","51.66","1.18"
"삼기","226.63K","53.22B","540.76B","12.28","1.19"
"KX","24.75K","145.32B","411.98B","8.33","0.664"
"코이즈","284.65K","25.02B","19.47B","-9.54","1.15"
"에스디시스템","29.51K","16.02B","17.90B","14.55","0.504"
"예스티","436.86K","171.83B","95.52B","-14.40","1.61"
"서진오토모티브","41.37K","42.55B","2.59T","6.45","0.903"
"와이지엔터테인먼트","215.75K","843.88B","430.79B","45.15","0.865"
"와이솔","38.91K","158.83B","380.16B","23.40",""
"엠에스오토텍","94.67K","146.87B","1.83T","-4.86","1.33"
"제닉","553.37K","129.11B","28.94B","-45.95","0.897"
"코리아에프티","1.05M","145.89B","722.59B","","0.859"
"위메이드플레이","154.49K","75.41B","120.73B","-40.06","0.802"
"이엠넷","75.1K","51.89B","36.40B","10.84","0.995"
"알톤스포츠","15.43K","18.5B","35.72B","-15.22","1.32"
"뉴온","2.25M","46.53B","12.51B","-1.20","-0.153"
"아나패스","55.45K","255.8B","119.12B","32.44","0.286"
"아이티센","334.34K","133.19B","3.74T","44.49","0.95"
"BGF에코머티리얼즈","57.34K","192.27B","330.93B","13.72",""
"화신정공","36.11K","43.39B","349.50B","5.63",""
"하이비젼시스템","333.78K","194.75B","386.61B","3.72","1.11"
"제이엔케이히터","77.44K","76.92B","103.89B","10.40","1.32"
"디엔에이링크","109.55K","84.09B","19.11B","-7.74","0.189"
"아시아경제","36.17K","43.91B","84.04B","-1.65","1.42"
"피제이메탈","381.26K","76.64B","227.22B","17.04","0.731"
"GH신소재","819.36K","41.74B","89.64B","10.88","0.976"
"나이스디앤비","4.7K","78.54B","87.14B","7.00","0.486"
"티피씨글로벌","21.97K","19.69B","82.74B","7.98","0.818"
"옵투스제약","137.51K","88.36B","77.79B","9.23",""
"시큐브","113.16K","33.39B","13.88B","7.37","1.00"
"티엔엔터테인먼트","32.54K","39.63B","113.90B","-2.43","0.636"
"딜리","40.92K","23.92B","32.20B","10.31","0.782"
"대한과학","248.71K","34.02B","70.64B","13.36","1.45"
"티에스이","79.77K","415.62B","281.48B","36.30","2.23"
"알서포트","172.44K","136.21B","49.97B","25.22","-0.318"
"이브이첨단소재","2.35M","117.98B","70.93B","","0.218"
"파인텍","114.55K","32.7B","67.90B","143.11","1.03"
"두산테스나","75.43K","401.35B","338.65B","10.67","1.29"
"메가엠디","592.98K","43.8B","35.84B","37.04","0.428"
"이퓨쳐","5.13K","16.23B","10.30B","12.56","0.162"
"탑코미디어","194.42K","35.11B","21.85B","-8.53","0.90"
"하림","393.5K","303.7B","1.30T","39.76",""
"윈스","28.31K","186.06B","104.58B","8.06","0.515"
"피엔티","345.35K","1.02T","874.54B","10.10","1.21"
"넥스트아이","667.63K","27.26B","46.85B","-2.00","1.59"
"제이씨케미칼","98.77K","92.46B","394.86B","8.58","1.02"
"신진에스엠","378.51K","45.27B","58.70B","15.17","1.21"
"오이솔루션","16.96K","107.19B","36.10B","-3.35","0.992"
"협진","80.92K","38.12B","1.32B","-8.32","0.409"
"나이벡","413.78K","161.76B","19.41B","","1.03"
"BF랩스","999.6K","24.23B","27.36B","","0.184"
"키네마스터","44.61K","38.19B","13.77B","38.98",""
"메지온","95.39K","925.87B","20.25B","-102.37","0.978"
"대창스틸","11.07K","47.39B","413.55B","","0.835"
"파크시스템스","30.13K","1.2T","148.23B","40.46","1.06"
"비아트론","17.59K","74.13B","45.45B","11.02",""
"리가켐바이오","783.52K","4.12T","76.22B","-116.76","1.04"
"유니트론텍","143.01K","88.97B","678.19B","4.82","0.989"
"녹십자엠에스","386.88K","81.51B","96.29B","276.89","0.561"
"아이디스","17.2K","144.67B","299.59B","8.78","0.731"
"사람인에이치알","7.66K","159.59B","128.76B","10.43","0.278"
"영우디에스피","162.29K","27.74B","72.02B","-4.09","1.54"
"휴젤","109.13K","2.95T","343.49B","27.51","0.596"
"제룡산업","679.32K","106.29B","31.23B","16.65","1.03"
"아바텍","27.8K","121.48B","18.77B","32.22","0.653"
"하이로닉","567.54K","103B","34.90B","11.23","1.05"
"인트로메딕","377.21K","251.54B","11.16B","","-0.269"
"파수","432.97K","49.63B","44.72B","","0.674"
"KG ETS","96.86K","214.42B","7.10T","3.23","0.557"
"FutureCore","2.88M","121.65B","55.05B","","0.957"
"네이블","2.29K","43.03B","1.69B","-20.16","0.214"
"우리이앤엘","175.63K","35.76B","154.28B","3.76","0.906"
"솔루에타","95.51K","19.75B","164.79B","1.46","1.14"
"와이엠씨","51.82K","68.1B","170.12B","9.09","1.25"
"제로투세븐","190.74K","82.83B","67.65B","-132.45","1.20"
"스킨앤스킨","181.43K","22.43B","15.57B","-4.60","-0.02"
"NEW","246.34K","61.11B","118.22B","-4.37","2.03"
"Equipments Cell","186.66K","85.04B","3.99B","9.90","0.871"
"싸이맥스","40.85K","94.74B","163.89B","10.13","1.25"
"코아스템","218.74K","268.77B","30.43B","-6.35","0.826"
"내츄럴엔도텍","70.58K","42.28B","21.84B","-11.14","0.054"
"현대공업","236.95K","76.28B","318.18B","7.21","0.657"
"엘티씨","55.24K","99.27B","157.74B","-4.88","1.73"
"램테크놀러지","73.75K","46.76B","43.88B","","0.793"
"라이온켐텍","395.52K","93.18B","128.88B","15.16","0.359"
"에프엔씨엔터","15.99K","44.49B","91.45B","-8.50","0.937"
"Human Tech","122.7K","115.75B","42.14B","-6.66","0.193"
"베셀","4.53M","18.48B","24.76B","-0.828","1.45"
"파버나인","52.74K","36.13B","120.90B","","0.535"
"IlWoul GML","176.46K","120.77B","29.73B","",""
"DXVX","3.65M","93.52B","45.34B","-3.59","-0.009"
"큐브엔터","72.69K","214.84B","176.65B","17.69","0.789"
"엔케이맥스","3.82M","172.74B","10.21B","31.08","1.09"
"SGA솔루션즈","835.63K","31.37B","50.96B","-21.24","1.33"
"아이진","101.99K","80.14B","2.84B","-6.64","1.75"
"디티앤씨","367.79K","36.02B","96.62B","-2.23","0.988"
"신화콘텍","24.55K","29.16B","51.14B","6.20","0.537"
"제노포커스","547.36K","107.32B","32.20B","-30.16","0.481"
"나노","1.95M","31.44B","88.24B","",""
"포시에스","86.28K","57B","31.30B","12.93","0.031"
"서전기전","286.9K","44.32B","11.22B","32.64","0.284"
"흥국에프엔비","190.25K","62.57B","99.20B","11.65","0.987"
"나무가","148.71K","197.09B","441.80B","8.91",""
"육일씨엔에쓰","81.47K","17.25B","26.88B","12.33","1.13"
"테고사이언스","12.36K","120.5B","6.97B","37.24","1.45"
"케이사인","86.28K","52.92B","47.00B","34.52","1.02"
"윈하이텍","79.33K","56.05B","132.00B","3.87",""
"휴림네트웍스","368.7K","29.08B","16.22B","-2.72","1.04"
"슈피겐코리아","9.65K","120.17B","452.62B","5.02","0.827"
"데브시스터즈","52.82K","343.51B","186.57B","","0.502"
"에이비프로바이오","1.28M","140.07B","18.58B","-7.21","1.29"
"알테오젠","612.29K","21.72T","90.79B","-12,999.21","1.26"
"코아시아옵틱스","93.8K","37.15B","287.25B","-2.92","0.489"
"디에이테크놀로지","32.18M","36.21B","48.51B","","0.836"
"웹스","41.23K","16.38B","35.93B","8.31","0.818"
"강동씨앤엘","101.6K","87.07B","22.56B","-23.17","0.963"
"콜마비앤에이치","87.85K","366B","611.19B","23.28","0.817"
"텔콘RF제약","799.35K","66.98B","38.63B","-3.10","0.072"
"에이팩트","404.75K","98.92B","79.00B","-4.94","0.827"
"드림시큐리티","528.92K","165.48B","230.97B","9.39","1.23"
"Ark Solutions","50.35K","63.88B","32.99B","-2.90","0.657"
"휴마시스","10.16M","230.27B","9.91B","-8.36","-1.05"
"덱스터","447.43K","200.23B","61.51B","-3,813.45","1.30"
"바디텍메드","199.66K","357.32B","139.13B","13.43","-0.643"
"휴메딕스","155.76K","299.38B","26.85B","27.59","0.611"
"에이디테크놀로지","417.64K","192.96B","112.48B","-26.30","0.762"
"비씨월드제약","7.15K","39.41B","72.96B","","-0.115"
"글로벌텍스프리","440K","220.63B","118.16B","-49.93","0.413"
"엑셈","452.98K","125.21B","56.24B","26.99",""
"액션스퀘어","59.42K","54B","3.98B","-4.22","1.02"
"베노홀딩스","224.1K","139.78B","20.44B","-4.84","0.184"
"스튜디오산타클로스","61.93M","19.04B","5.89B","","0.098"
"정다운","150.66K","90.54B","190.40B","3.31","1.19"
"미스터블루","1.48M","101.46B","67.85B","-5.81","1.36"
"지란지교시큐리티","52.85K","24.81B","35.29B","2.00","0.585"
"네오오토","23.93K","59.22B","211.95B","5.18","0.987"
"헥토이노베이션","14.33K","154.71B","298.72B","5.76","0.819"
"썸에이지","1.86M","61.13B","14.66B","","0.514"
"바이오로그디바이스","141.46K","25.5B","142.35B","-3.22","0.945"
"덕산네오룩스","153.32K","564.95B","205.55B","14.47",""
"클래시스","247.17K","2.91T","204.37B","42.04","0.573"
"AP위성","423.45K","229.4B","58.48B","14.80","0.789"
"에스엘바이오닉스","1.29M","22.51B","57.35B","","0.858"
"케어젠","77.4K","869.68B","77.07B","","0.25"
"아이쓰리시스템","56.16K","264.37B","18.58B","28.68","0.899"
"HanulBNC","18.97M","64.67B","7.10B","23.07","0.155"
"우정바이오","1.93M","28.79B","44.75B","-18.54","0.588"
"파마리서치","198.75K","2.16T","296.59B","22.73",""
"디알텍","1.62M","85.29B","65.50B","41.12",""
"골프존","21.62K","404.15B","679.29B","6.03","0.636"
"휴센텍","5.59M","149.97B","2.13B","8.50","1.31"
"로보로보","895.24K","83.42B","13.75B","214.28","0.77"
"메가스터디교육","33.54K","467.81B","933.99B","6.33","0.072"
"우리산업","25.73K","98.44B","507.21B","5.85",""
"토박스코리아","155.41K","21.77B","45.71B","17.57","0.958"
"이노인스트루먼트","179.97K","18.85B","43.53B","-0.745","-0.131"
"제너셈","56.86K","77.08B","72.49B","8.74","1.40"
"러셀","31.95K","44.24B","30.33B","16.96","1.30"
"디딤","4.15M","21.72B","64.08B","-4.80","0.462"
"강스템바이오텍","631.05K","118.83B","13.28B","-6.86","0.225"
"원익피앤이","105.02K","105.52B","353.26B","-3.00","0.692"
"미래생명자원","1.77M","81B","63.45B","233.08",""
"RFHIC","196.76K","364.92B","108.00B","6.96","0.47"
"타이거일렉","54.72K","82.4B","14.50B","39.83",""
"디와이디대양","7.99M","54.17B","5.88B","-0.128",""
"켐트로스","87.28K","97.6B","49.81B","28.76","1.63"
"하이즈항공","7.48K","31.77B","82.75B","-3.25","0.871"
"케이디켐","994","45.62B","62.25B","11.82","0.643"
"코스맥스엔비티","58.9K","63.62B","323.03B","-6.94","1.07"
"씨아이에스","1.73M","620.46B","486.20B","9.89","1.24"
"팬젠","153.88K","73.44B","13.72B","-114.57",""
"쎄노텍","54.54K","31.91B","9.24B","76.13","1.32"
"심텍","202.21K","389.48B","1.19T","","1.30"
"세토피아","3.75M","81.19B","87.82B","","0.492"
"한국맥널티","43.66K","40.93B","84.99B","-33.78","1.20"
"딥마인드","141.64K","28.67B","18.70B","12.24",""
"더코디","19.23K","19.03B","26.74B","-3.12","0.073"
"케이엠제약","36.7K","19.94B","8.10B","91.00","1.37"
"넥슨게임즈","952.1K","875.21B","248.93B","37.37",""
"본느","583.47K","58.06B","78.78B","-15.75","0.98"
"엔투텍","687.63K","48.06B","32.93B","-2.78",""
"동양파일","10.6K","36.04B","65.79B","23.87","0.59"
"에이텍티앤","30.36K","54.96B","234.17B","9.14","1.23"
"보광산업","29.66K","132.09B","76.01B","14.32","0.745"
"패션플랫폼","55.92K","23.51B","103.59B","9.01","0.967"
"KH 건설","1.28M","43.75B","9.82B","",""
"한송네오텍","2.11M","100.58B","11.38B","177.00","0.503"
"에치에프알","41.57K","119.03B","159.43B","-4.76","0.282"
"비유테크놀러지","464.58K","21.37B","12.49B","","0.548"
"레이언스","24.8K","100.71B","131.29B","","0.946"
"슈프리마","51.9K","159.38B","99.86B","5.97","0.634"
"와이씨","1.96M","781.38B","208.82B","82.48","1.30"
"원익IPS","274.32K","1.1T","674.07B","-106.56",""
"우리손에프앤지","107.66K","91.53B","277.05B","12.07","0.71"
"엔지스테크널러지","27.7K","25.23B","482.76M","","0.81"
"에코마케팅","82.34K","325.69B","336.39B","8.64","0.658"
"자이글","214.49K","58.33B","4.76B","-3.96","1.74"
"나무기술","1.07M","51.03B","91.82B","-7.76",""
"휴온스","89.05K","375.59B","802.20B","7.37","1.07"
"지씨셀","60.23K","392.21B","184.44B","-48.52","0.99"
"에스티팜","467.11K","1.75T","272.89B","93.39","0.601"
"휴온스","29.46K","292.65B","580.13B","8.70","0.329"
"모비스","3.01M","95.03B","16.89B","3,548.82","0.642"
"유니테크노","260.28K","80.02B","104.91B","10.18","0.885"
"예선테크","328.92K","14.41B","48.48B","-2.32","0.723"
"지엘팜텍","95.27K","78.25B","27.91B","-18.03","0.966"
"FSN","759.49K","65.2B","186.43B","-32.78","0.47"
"이화전기","296.12M","196.81B","63.55B","","0.702"
"우리기술","11.04M","369.34B","68.47B","60.81","0.477"
"상상인","343.56K","86.25B","880.38B","-1.13","0.364"
"티에스넥스젠","1.01M","61.58B","20.78B","-10.91","0.903"
"수산아이앤티","6.83K","58.6B","23.89B","8.39","2.11"
"PonyLink","1.34M","145.46B","74.06B","-2.66","1.19"
"위니아","39.25M","21.8B","163.80B","","0.808"
"NS ENM","48.15K","91.12B","20.86B","-3.58","1.59"
"이트론","284.21M","245.56B","39.09B","","0.867"
"아이윈플러스","84.44K","16.21B","35.49B","-2.75","0.457"
"모아라이프플러스","123.45K","49.43B","18.44B","-4.34","0.755"
"알엔투테크놀로지","82.8K","27.42B","14.32B","-17.64","0.745"
"파이오링크","12.16K","55.47B","10.53B","-14.98","0.851"
"장원테크","142.1K","11.45B","65.69B","",""
"링크드","112.75K","23.75B","16.61B","-1.81","0.98"
"미투온","124.39K","60.33B","103.98B","11.16","0.596"
"셀바스헬스케어","1.19M","95.93B","28.56B","35.95","-0.383"
"넵튠","80.92K","238.69B","118.32B","4.31","1.22"
"피앤씨테크","18.66K","26.34B","33.44B","13.24","0.86"
"앤디포스","63.87K","86.83B","51.56B","-5.30","0.766"
"이스트에이드","73.35K","41.06B","15.14B","-8.23","0.888"
"에이치시티","37.24K","64.78B","83.23B","9.19","0.695"
"인텔리안테크","81.23K","458.67B","271.45B","-171.07",""
"인크로스","34.07K","92.46B","42.84B","9.03","1.06"
"얼라인드","42.21K","41.41B","14.93B","13.15","0.293"
"에이치엘사이언스","214.46K","67.18B","22.05B","-21.62","0.612"
"코스메카코리아","192.97K","627.98B","508.49B","27.13","1.25"
"세화피앤씨","276.77K","36.55B","9.47B","14.84","1.75"
"클리오","104.55K","305.28B","360.07B","14.03",""
"뉴파워프라즈마","95.52K","181.69B","428.53B","9.26","0.978"
"엘앤케이바이오","171.09K","134.57B","30.50B","194.93","1.58"
"핸디소프트","31.96K","59.1B","24.46B","-105.56","-0.111"
"애니젠","102.97K","77.92B","6.00B","-9.26","0.832"
"신라젠","666.8K","353.03B","1.66B","-12.25",""
"퓨쳐켐","923.8K","371.89B","14.92B","-61.65","1.20"
"티이엠씨씨엔에스","46.05K","48.28B","194.72B","11.63","1.11"
"자비스","130.47K","45.45B","42.94B","","1.71"
"피엠티","559.39K","38.3B","33.84B","-5.16","1.47"
"DSC인베스트먼트","84.08K","71.26B","36.32B","5.75","1.35"
"TS인베스트먼트","67.54K","35.45B","23.83B","9.32","0.939"
"한국비엔씨","1.14M","278.4B","83.78B","20.48","0.93"
"서플러스글로벌","688.58K","93.36B","209.61B","17.25","1.15"
"유바이오로직스","770.54K","509.65B","69.37B","-38.98","1.25"
"신신제약","184.88K","81.01B","105.25B","23.49","-0.114"
"에프엔에스테크","32.62K","71.62B","42.80B","12.26","1.27"
"모바일어플라이언스","1.12M","74.87B","37.67B","-101.75","0.197"
"피씨엘","790.96K","43.96B","7.83B","-5.09","0.045"
"에스디생명공학","2.23M","54.87B","35.12B","","0.061"
"아스타","20.73K","65.33B","3.39B","-20.06","1.26"
"서진시스템","548.49K","1.53T","1.05T","28.60","0.741"
"코미코","79.58K","423.54B","432.91B","14.14","1.27"
"유에스티","12.78K","46.48B","24.28B","5.14","2.86"
"유비쿼스","25.41K","128.48B","124.13B","5.93","0.977"
"이엘피","18.29K","17.83B","18.96B","-3.45","1.12"
"에프앤가이드","394.51K","93.56B","31.45B","16.51","0.636"
"선바이오","28.6K","77.45B","0.00","26.43",""
"유비온","291.75K","15.87B","0.00","12.34","-0.17"
"에코앤드림","457.87K","494.77B","83.21B","-1,720.17",""
"한중엔시에스","227.05K","240.73B","0.00","","0.23"
"비나텍","21.26K","162.57B","59.90B","60.47","1.10"
"아시아종묘","265.32K","23.24B","25.05B","-11.84","0.961"
"엔지켐생명과학","523.34K","102.19B","84.83B","-14.29","1.63"
"그린플러스","70.34K","89.79B","73.70B","-6.49",""
"씨이랩","132.4K","39.17B","5.71B","","0.587"
"디지캡","198.44K","31.4B","27.52B","-13.58","0.838"
"툴젠","64.33K","329.29B","1.07B","-9.82","1.94"
"링크제니시스","127.86K","47.21B","14.40B","103.65","0.865"
"BTB Korea","10.25M","239.58B","1.24B","",""
"제놀루션","409.98K","44.81B","11.33B","-6.03","0.197"
"오스테오닉","380.58K","97.62B","32.54B","16.73",""
"지노믹트리","202.13K","363.33B","2.04B","-40.23","0.018"
"젠큐릭스","303.87K","29.18B","2.91B","-2.75","0.125"
"라온테크","24.16K","86.99B","14.15B","46.95","1.36"
"시큐센","158.17K","22.65B","0.00","20.30","0.45"
"세원","95.1K","62.19B","176.06B","16.42","1.76"
"에스엘에스바이오","596.04K","30.59B","0.00","28.24","0.35"
"수젠텍","818.18K","86.54B","7.08B","-6.47","-3.15"
"케이피에스","35.72K","100.68B","118.52B","12.65","0.645"
"AP시스템","136.03K","248.13B","538.16B","4.24","0.964"
"포인트엔지니어링","45.22K","67.73B","25.61B","-16.69","0.672"
"필옵틱스","1.06M","379.2B","335.38B","111.66",""
"삼양옵틱스","12.47M","155.8B","38.18B","54.98","0.244"
"이랜시스","1.3M","141.63B","69.30B","37.87","0.27"
"매일유업","6.68K","267.11B","1.77T","5.34","0.303"
"보라티알","34.65K","59.01B","81.35B","6.78","1.24"
"나인테크","581.63K","88.32B","137.51B","4.16","0.938"
"덴티스","29.85K","95.94B","109.52B","74.10",""
"하림지주","152.91K","567.03B","11.68T","-12.90","0.987"
"브이원텍","31.41K","59.07B","87.86B","83.62","1.23"
"아우딘퓨쳐스","188.27K","42.36B","31.06B","","0.623"
"이녹스첨단소재","138.01K","424.17B","403.45B","10.57","1.23"
"힘스","143.59K","43.01B","57.69B","9.42","0.982"
"디앤씨미디어","30.08K","224.14B","72.84B","28.31","1.34"
"지니언스","30.77K","82.9B","43.39B","14.56","1.01"
"모트렉스","492.28K","285.39B","473.24B","10.37","-0.301"
"데이타솔루션","589.95K","75.18B","90.66B","","1.53"
"와이즈버즈","336.33K","41.48B","21.10B","-250.85","0.844"
"알에스오토메이션","134.49K","99.78B","67.39B","-12.61","1.33"
"케일럼","248.9K","34.49B","69.76B","-3.87","0.197"
"지엔원에너지","2.06M","200.08B","18.22B","-8.13","2.38"
"덕우전자","94.02K","83.63B","158.23B","-12.81","1.19"
"펄어비스","298.76K","2.34T","331.10B","","0.654"
"앱클론","219.64K","256.15B","2.28B","-11.64",""
"엠플러스","135.79K","89.7B","218.27B","12.00","0.801"
"선익시스템","106.73K","401.44B","102.09B","-99.17","1.15"
"신흥에스이씨","262.76K","222.12B","552.15B","13.28","1.21"
"유티아이","44.72K","352.03B","19.97B","-13.03",""
"휴엠앤씨","32.94K","48.16B","45.86B","6.58",""
"인산가","112.48K","49.16B","35.57B","18.48","0.639"
"야스","93.48K","137.78B","36.60B","-32.22","1.40"
"상신전자","44.26K","42.3B","116.94B","","0.87"
"영화테크","18.44K","75.9B","75.84B","8.75","1.16"
"티에스아이","50.22K","105.44B","275.15B","11.47","0.382"
"미디어젠","8.09K","52.94B","3.01B","-69.09","1.26"
"스튜디오드래곤","68.08K","1.37T","580.60B","","0.245"
"비즈니스온","42.73K","356.04B","51.50B","36.90","0.204"
"대원","6.34K","60.85B","370.04B","-1.40","0.447"
"체리부로","77.74K","39.18B","390.16B","51.71","0.894"
"에스트래픽","1.05M","110.36B","174.77B","8.67",""
"메카로","57.27K","78.28B","55.78B","71.03",""
"씨티케이코스메틱스","54.95K","94.22B","82.36B","","0.122"
"레이크머티리얼즈","607.6K","778.25B","120.03B","53.63","1.14"
"디바이스이엔지","6.46K","85.13B","48.70B","21.62","1.31"
"시스웍","871K","131.66B","15.81B","27.00","0.489"
"SG","10.81M","295.17B","94.55B","-3.96","1.03"
"씨앤지하이테크","48.27K","95.14B","197.29B","9.79","1.01"
"제일제강","425.96K","104.05B","36.83B","-3.29","0.284"
"더라미","675.94K","56.23B","24.14B","-5.09","1.07"
"DGP","545.85K","26.92B","15.89B","-3.02","0.179"
"하나머티리얼즈","126.51K","485.7B","218.99B","27.93","1.23"
"유니온커뮤니티","34.67K","31.77B","45.77B","14.37","1.09"
"와이엠티","31.76K","138.67B","134.36B","-15.17","1.46"
"소프트캠프","136.28K","20.67B","17.30B","-3.22","1.41"
"배럴","9.12K","37.08B","63.53B","9.91",""
"알리코제약","173.1K","52.65B","178.83B","-6.08","0.881"
"동구바이오제약","325.3K","137.33B","240.39B","12.31","0.786"
"카페24","547.57K","703.58B","281.93B","123.15","1.85"
"린드먼아시아","32.16K","42B","8.66B","19.99","0.496"
"케어랩스","50.17K","46.46B","80.50B","-2.40","0.417"
"위세아이텍","15.95K","28.3B","29.84B","-43.60","1.50"
"네오셈","2.13M","405.44B","83.69B","64.60","1.34"
"제노레이","33.64K","76.93B","108.42B","7.85","0.684"
"세종메디칼","26.16M","22.97B","19.03B","","-0.10"
"Hyundai Feed","71.1M","187.34B","152.21B","","-0.805"
"파워넷","56.62K","52.93B","207.52B","6.17","1.11"
"카이노스메드","147.03K","112.02B","145.28M","825.42","1.15"
"이원다이애그노믹스","1.62M","57.44B","54.00B","","-2.59"
"SV인베스트먼트","139.68K","75.01B","27.11B","68.58",""
"아이큐어","672.78K","75.67B","59.84B","-3.13","1.10"
" 올릭스","598.53K","302.53B","17.90B","-15.15",""
"알로이스","210.52K","34.62B","29.65B","8.62","1.36"
"그리티","59.63K","57.86B","190.93B","5.54","0.632"
"한국유니온제약","266.74K","15.41B","64.22B","-0.777","0.14"
"휴네시온","90.72K","31.45B","38.00B","4.91","0.709"
"에스에스알","15.46K","18.29B","11.74B","11.82","0.936"
"디아이티","127.53K","198.74B","102.86B","9.23",""
"대유","163.21K","56.84B","31.89B","-2.68","0.384"
"바이오솔루션","13.65K","131.35B","2.12B","-85.06",""
"브이엠","78.58K","148.04B","38.73B","-20.69","1.37"
"엑트로","9.14K","48.34B","191.60B","7.35","1.01"
"오파스넷","169.63K","97.56B","207.41B","11.62","0.608"
"지니틱스","155.15K","34.39B","55.93B","-143.97","1.06"
"크리스에프앤씨","15.82K","130.32B","353.10B","24.66","0.238"
"WSI","108.75K","42.91B","31.92B","50.58","-0.277"
"피엔티엠에스","249.18K","1.02T","874.54B","10.10","1.21"
"엔피","726.3K","86.56B","28.60B","","1.93"
"푸드나무","192.16K","38.53B","177.17B","-1.62","0.241"
"나우IB","144.64K","86.3B","13.53B","4.65","1.06"
"에스퓨얼셀","25.09K","62.95B","32.81B","-94.30","1.71"
"로보티즈","38.97K","221.84B","31.78B","-58.26","1.22"
"옵티팜","13.4K","69.68B","18.56B","-31.87","0.596"
"네온테크","1.52M","86.68B","120.30B","-21.49",""
"미래에셋벤처투자","1.48M","310.22B","256.26B","12.21","1.26"
"이지케어텍","9.75K","109.21B","71.94B","35.05",""
"아모그린텍","271.44K","111.02B","0.00","12.86",""
"에코프로비엠","665.16K","12.45T","4.76T","-92.43","0.722"
"TS트릴리온","6.39M","29.79B","36.07B","-24.58",""
"현대무벡스","667.7K","374.84B","150.27B","84.58",""
"다원넥스뷰","35.45K","41.25B","0.00","",""
"컴퍼니케이","626.54K","78.99B","15.06B","-13.04","1.81"
"프로이천","352.07K","67.38B","37.91B","13.57","0.353"
"코퍼스코리아","3.58M","32.39B","37.07B","-2.16",""
"마이크로디지탈","403.64K","221.86B","10.74B","112.88","1.55"
"까스텔바작","148.32K","15.45B","49.16B","-4.76",""
"압타바이오","226.36K","156.79B","2.06B","-12.55","2.11"
"엠에프엠코리아","20.09M","6.97B","71.90B","-0.20","1.11"
"헥토파이낸셜","45.79K","132.21B","153.42B","11.04",""
"아이스크림에듀","63.98K","31.64B","109.45B","-1.89",""
"셀리버리","3.94M","248.38B","11.19B","","0.327"
"에이스토리","16.77K","63.86B","44.30B","22.50","1.47"
"덕산테코피아","271.62K","623.51B","96.68B","-16.45","1.12"
"KBG","594.57K","43.09B","23.20B","11.54","0.802"
"엑스페릭스","206.51K","72.26B","10.99B","-10.03","1.10"
"세경하이테크","487.55K","214.52B","349.74B","178.03","1.61"
"아주IB투자","1.59M","359.38B","73.73B","20.30","0.642"
"웹케시","26.26K","89.64B","19.06B","7.07","0.666"
"머큐리","547.16K","67.44B","147.43B","13.44","0.919"
"노랑풍선","211.93K","72.79B","125.65B","48.67","0.68"
"전진바이오팜","107.48K","21.7B","19.14B","","-0.446"
"남화산업","5.14K","107.06B","21.05B","8.40","0.275"
"티로보틱스","107.02K","130.92B","88.57B","-10.57","1.09"
"에코캡","252.47K","31.63B","125.67B","-10.22","1.48"
"엠아이텍","259.79K","238.52B","10.35B","37.08","0.507"
"노바렉스","138.26K","141.79B","295.18B","7.83","0.179"
"파멥신","2.55M","233.76B","112.57M","","0.955"
"싸이토젠","25.88K","157.1B","3.55B","-8.88","0.418"
"퀀텀온","3.09M","20.21B","115.56B","-0.109","1.06"
"비피도","32.71K","26.26B","15.90B","","1.01"
"티앤알바이오팹","42.62K","127.56B","4.94B","-8.75","0.779"
"캐리","7.38K","59.36B","3.06B","-34.12","0.916"
"펌텍코리아","119.09K","473B","306.22B","16.04",""
"디케이앤디","310.42K","52.75B","103.52B","6.55",""
"유틸렉스","318.21K","75.98B","3.04B","-4.37","0.53"
"디알젬","10.1K","59.6B","112.46B","9.33","0.868"
"뉴트리","190.97K","54.87B","145.24B","6.90","0.541"
"천보","28.65K","400.68B","164.09B","","1.23"
"코윈테크","212.3K","154.31B","293.75B","9.13","1.14"
"노바텍","18.6K","109.89B","78.06B","5.09","1.58"
"DH Autolead","11.42K","38.63B","252.66B","-8.83","0.371"
"디케이티","129.86K","152.81B","92.42B","52.62","1.61"
"엘앤씨바이오","77.42K","362.96B","72.04B","9.68","0.388"
"네오펙트","130.41K","41.74B","23.11B","-9.31","0.846"
"대보마그네틱","40.43K","97.88B","33.17B","-14.32","1.61"
"에이비엘바이오","2.16M","1.51T","32.32B","-17.63",""
"셀리드","3.74M","119.02B","914.19M","-6.98","1.50"
"위지윅스튜디오","1.03M","218.91B","74.66B","12.12","1.12"
"Anic Inc","107.25K","448.3B","2.27B","","0.532"
"플리토","25.95K","66.62B","19.76B","-28.83",""
"이노메트리","70.21K","76.75B","80.14B","9.86","2.02"
"아이엘사이언스","480.15K","83.02B","66.69B","-8.83","1.29"
"원바이오젠","74.95K","44.62B","29.30B","8.72","0.651"
"국전약품","155.46K","186.95B","133.27B","","-1.05"
"비투엔","1.93M","53B","32.03B","-4.06","0.703"
"오하임아이엔티","49.23K","49.5B","46.96B","28.30","0.874"
"애니플러스","225.44K","116.55B","127.65B","9.02","0.976"
"DYC","71.44K","29.02B","111.39B","9.23","0.441"
"에이에프더블류","11.71K","28.06B","0.00","",""
"SCL사이언스","238.88K","50.66B","17.51B","-1.79","0.892"
"대모","432.46K","85.41B","39.02B","","0.506"
"PSK","248.22K","506.05B","377.52B","8.41","1.50"
"태성","1.41M","703.61B","53.25B","359.50",""
"레이","94.84K","103.66B","128.61B","-5.58","0.979"
"나노브릭","223.61K","26.76B","8.54B","-12.57","1.06"
"에스피시스템스","42.06K","47.14B","67.36B","-23.19","1.70"
"솔트웨어","984.66K","30.8B","41.87B","25.40","0.178"
"마니커에프앤지","384.3K","44.98B","104.59B","11.74","0.748"
"네오크레마","27.99K","80.26B","23.38B","12.48","0.873"
"한독크린텍","11.26K","54.06B","67.26B","11.32","0.714"
"라닉스","180.34K","34.68B","8.83B","-4.87","0.412"
"한울반도체","348.05K","77.25B","3.38B","52.56",""
"올리패스","106.93K","19.87B","5.25B","-0.985","0.558"
"포커스에이치엔에스","374.13K","59.09B","53.32B","-64.17",""
"누보","57.23K","32.81B","87.29B","-26.56","0.308"
"녹십자웰빙","629.85K","159.59B","126.44B","27.36","0.716"
"라온피플","236.17K","81.85B","104.34B","-11.25","1.31"
"아톤","496.53K","101.13B","55.83B","7.58","0.535"
"팜스빌","48.93K","36.24B","19.04B","26.81","0.246"
"엔바이오니아","15.6K","128.37B","14.07B","-97.30","1.23"
"케이엔제이","37.33K","106.07B","66.35B","8.98","1.65"
"Valofe","346.2K","30.41B","36.69B","17.86","0.595"
"캐리소프트","98.8K","29.34B","6.22B","-5.19","1.48"
"티라유텍","94.94K","87.06B","61.76B","-9.93","1.30"
"모코엠시스","32.22K","32.39B","-15.47","29.30","0.126"
"일승","957.49K","125.37B","46.13B","85.68","0.256"
"아이티엠반도체","34.98K","297.92B","645.22B","-51.13","0.806"
"라파스","375.58K","117.3B","27.46B","-44.19","1.56"
"제테마","67.74K","307.93B","63.88B","28.81","0.967"
"코리아에셋투자증권","12.79K","33.41B","0.00","5.46","0.778"
"우양","145.19K","55.07B","186.79B","-13.73","0.955"
"에스제이그룹","24.59K","50.46B","193.50B","11.82","0.791"
"티움바이오","121.94K","127B","7.91B","-9.69","0.706"
"씨에스베어링","231.88K","111.53B","63.94B","-74.75","1.45"
"HLB바이오스텝","381.4K","197.44B","49.17B","-30.93","0.423"
"웨이버스","3.24M","63.13B","47.99B","15.99","1.05"
"비올","906.99K","470.03B","35.49B","33.60","0.805"
"리메드","979.46K","122.4B","23.42B","24.26",""
"제이엘케이","523.41K","182.2B","1.62B","-20.46","1.30"
"태웅로직스","1.02M","107.77B","836.37B","5.27","0.877"
"윙스풋","187.78K","11.62B","-13.34","6.40","0.121"
"신테카바이오","101.49K","86.82B","124.38M","-6.40","0.635"
"브릿지바이오테라퓨틱스","1.92M","139.89B","-340.00","-3.41",""
"원텍","763.05K","393.53B","108.15B","","0.433"
"메드팩토","192.88K","151.62B","0.00","-6.21","0.80"
"다보링크","1.9M","124.31B","16.92B","","-0.293"
"RF머트리얼즈","62.37K","58.58B","44.75B","-22.30","1.11"
"아이비김영","120.98K","85.64B","103.81B","6.92",""
"세림B&G","74.56K","34.88B","59.73B","12.07","0.742"
"CJ 바이오사이언스","6K","79.73B","4.90B","-4.80","0.995"
"Korea Advanced Materials","1.47M","15.25B","10.51B","-4.46",""
"서남","679.46K","67.92B","2.86B","","1.11"
"제이앤티씨","833.88K","1.08T","402.99B","31.84","1.18"
"켄코아에어로","312.87K","144.11B","90.95B","-32.14","0.729"
"레몬","337.23K","69.83B","8.86B","-35.42","1.09"
"서울바이오시스","55.81K","143.82B","608.48B","-4.97","1.29"
"플레이디","654.98K","70.68B","38.82B","15.61","1.43"
"엔피디","604.3K","61.16B","292.45B","2.87",""
"이노진","23.52K","19.92B","0.00","17.33",""
"드림씨아이에스","1.01M","77.35B","53.12B","23.66","0.282"
"휴럼","156.22K","29.53B","98.60B","23.32","0.624"
"에스씨엠생명과학","418.75K","35.31B","889.44M","-3.18","1.17"
"에스에이티이엔지","37.28K","32.1B","12.11B","-4.71","1.03"
"HB솔루션","835.13K","230.31B","89.73B","9.02","1.29"
"엠브레인","22.67K","37.64B","53.71B","28.09","0.367"
"위더스제약","50K","82.38B","98.27B","12.22","0.822"
"신도기연","60.55K","33.44B","15.94B","-8.24","0.975"
"에이프로","62.19K","83.22B","222.35B","16.69","0.663"
"솔트룩스 ","202.73K","263.84B","43.31B","-21.95","2.07"
"더네이쳐","49.47K","146.33B","543.16B","4.05","0.248"
"와이팜","65.44K","93.65B","123.63B","12.82",""
"엠투아이","25.3K","92.68B","35.28B","16.15","0.375"
"영림원소프트랩","19.47K","53.08B","56.17B","22.74","0.563"
"한국파마","359.91K","177.78B","80.40B","59.27","1.31"
"브랜드엑스","904.75K","193.16B","255.09B","16.31","1.28"
"아이디피","18.93K","47.29B","38.38B","6.47","0.597"
"셀레믹스","430.44K","28.82B","6.08B","3.40","0.911"
"솔브레인","19.17K","1.44T","809.34B","12.17","0.957"
"P&K 스킨리서치","332.91K","60.8B","16.28B","14.31","0.64"
"카카오게임즈","213.21K","1.3T","915.92B","",""
"압타머사이언스","1.8M","33.94B","216.07M","-3.07","0.359"
"이오플로우","1.06M","143.35B","7.24B","-3.56","0.697"
"코스텍시스","40.38K","43.59B","-18.09","281.25","0.163"
"핌스","116.39K","47.2B","62.57B","-17.03","1.23"
"씨엔알리서치","1.13M","62.68B","58.40B","13.04","0.097"
"박셀바이오","118.83K","265.57B","69.60M","-30.41",""
"비비씨","23.93K","43.55B","61.69B","9.03","0.576"
"케이엔솔","665.22K","178.18B","514.39B","15.74","1.62"
"넥스틴","58.71K","588.64B","101.98B","21.06",""
"피플바이오","851.24K","78.13B","4.46B","-5.47","0.817"
"미코바이오메드","4.98M","64.38B","7.23B","-2.01","0.536"
"바이브컴퍼니","29.04K","42.68B","30.22B","","1.52"
"위드텍","55.48K","70.17B","40.84B","","0.594"
"센코","312.77K","70.96B","34.08B","54.70","0.44"
"소룩스","305.98K","373.17B","55.78B","-82.65","1.47"
"고바이오랩","300.4K","111.01B","52.08B","-10.93","0.758"
"네패스아크","38.72K","127.69B","133.66B","-4.36","1.71"
"티앤엘","96.74K","506.92B","131.62B","15.81","0.162"
"제일일렉트릭","3.31M","242.64B","0.00","",""
"하나기술","47.68K","167.89B","98.98B","-10.68","1.44"
"이지바이오","303.73K","122.55B","245.53B","7.82","0.97"
"클리노믹스","625.85K","19.36B","9.75B","-0.746","1.43"
"포인트모바일","22.71K","39.32B","67.35B","-109.52","-0.059"
"앱코","213.62K","56.21B","82.66B","-3.58","0.473"
"엔에프씨","38.64K","43.68B","34.07B","22.94","0.558"
"엔젠바이오","1.01M","34.83B","4.99B","-3.37",""
"퀀타매트릭스","1.24M","102.7B","3.60B","-9.08","0.124"
"티엘비","167.24K","122.84B","171.12B","150.73","1.03"
"인바이오","16.88K","23.42B","33.51B","-5.70","0.998"
"블리츠웨이","9.06K","73.94B","21.37B","-7.38","0.798"
"지놈앤컴퍼니","503.16K","90.43B","23.92B","-2.85","1.04"
"석경에이티","5.42K","219.84B","12.84B","64.20",""
"프리시젼바이오","91.28K","34.73B","17.14B","-5.34","0.601"
"알체라","167.33K","44.48B","14.28B","-2.60","1.59"
"하이딥","178.19K","99.98B","4.26B","","-0.03"
"파이버프로","1.51M","159.68B","28.12B","28.57",""
"엔비티","254.27K","52.98B","104.88B","-12.24",""
"선진 뷰티 사이언스","121.06K","110.49B","75.82B","19.12","0.803"
"핑거","2.72M","83.97B","71.91B","29.79","1.37"
"씨앤투스성진","44.52K","74.53B","71.27B","121.48","-0.131"
"모비릭스","26.26K","47.73B","70.11B","-8.52","0.654"
"레인보우로보틱스","102.58K","2.73T","14.58B","-378.52","1.90"
"아티스트유나이티드","208.93K","231.78B","23.37B","-58.01","3.47"
"아이퀘스트","305.86K","44.23B","40.62B","17.15",""
"모비데이즈","2.36M","55.41B","33.32B","-22.96","1.59"
"피엔에이치테크","91.84K","65.38B","40.72B","10.49","0.487"
"오로스테크놀로지","35.69K","128.09B","51.30B","99.60",""
"유일에너테크","452.72K","52.79B","51.95B","-11.87","1.31"
"엑스플러스","1.65M","43.61B","10.99B","-13.64","-1.03"
"뷰노","311.73K","366.65B","23.72B","-20.33",""
"나노씨엠에스","23.8K","27.93B","5.59B","-8.20","0.58"
"프레스티지바이오로직스","553.33K","434.31B","2.17B","-12.52","1.12"
"싸이버원","254.31K","31.75B","28.97B","17.58","0.252"
"바이오다인","1.67M","534.86B","4.20B","-444.33",""
"라이프시맨틱스","553.74K","68.08B","7.15B","-2.98","0.342"
"자이언트스텝","534.07K","128.75B","49.22B","-6.71","1.13"
"제노코","191.46K","156.77B","55.23B","-162.05","-0.092"
"엔시스","108.14K","85.45B","61.42B","10.93","0.81"
"해성티피씨","358.9K","57.6B","14.35B","","0.335"
"이삭엔지니어링","48.01K","59.76B","86.53B","-30.93","1.23"
"쿠콘","13.74K","119.55B","73.41B","17.98","0.619"
"에이치피오","43.1K","111.63B","235.67B","16.81","0.659"
"씨앤씨인터내셔널","117.28K","395.89B","269.52B","25.45",""
"샘씨엔에스","359.21K","248.73B","42.12B","","0.802"
"삼영에스앤씨","73.86K","30.15B","11.43B","-10.44","0.732"
"제주맥주","317.92K","36.43B","22.35B","-4.34","0.976"
"진시스템","104.28K","72.87B","1.57B","-6.72","0.575"
"에이디엠코리아","149.44K","70.02B","11.56B","-4.76","1.04"
"엘비루셈","144.08K","94.22B","171.19B","","0.394"
"이노뎁","143.45K","51.01B","84.03B","51.59","0.48"
"아모센스","44.14K","72.6B","114.52B","-22.36","0.81"
"에코프로에이치엔","163.73K","590.02B","211.25B","26.07","0.411"
"오비고","17.59K","83.92B","14.81B","-70.41","1.18"
"큐라클","154.6K","81.58B","4.04B","-5.43","1.72"
"맥스트","915.29K","37.24B","19.89B","-2.84","1.12"
"에브리봇","160.3K","195.08B","31.73B","888.98","1.12"
"HK이노엔","382.52K","1.18T","839.63B","30.45","0.639"
"원티드랩","17.25K","36.97B","37.62B","154.42","1.01"
"플래티어","14.6K","34.69B","30.20B","-10.40","0.814"
"엠로","123.61K","803.68B","67.68B","-52.30","1.43"
"딥노이드","230.75K","129.82B","9.28B","-8.47","0.94"
"브레인즈컴퍼니","20.1K","42.12B","27.02B","11.58","1.27"
"바이젠셀","50.84K","50.66B","55.00M","-4.49","1.13"
"라이콤","4.89M","106.93B","0.00","",""
"에이비온","134.36K","201.8B","1.33B","-3.54","1.37"
"와이엠텍","116.07K","117.56B","29.28B","28.93","1.41"
"바이오플러스","354.4K","274.42B","54.58B","14.89","0.672"
"프롬바이오","481.55K","56.37B","67.29B","-3.59","0.211"
"S D","29.94K","88.95B","100.89B","8.16","1.05"
"실리콘투","1.71M","1.68T","537.92B","32.82","-0.191"
"아스플로","27.98K","62.09B","86.93B","140.64",""
"원준","787.63K","169.97B","162.00B","8.04","1.42"
"토마토시스템","833.11K","79.63B","0.00","36.58",""
"코닉오토메이션","135.9K","69.27B","0.00","47.23",""
"씨유테크","13.38K","53.59B","245.99B","","0.791"
"지아이텍","625.74K","83.04B","38.12B","17.72","1.18"
"차백신연구소","154.41K","99.18B","370.66M","-23.21","0.701"
"아이패밀리에스씨","232.6K","307.08B","198.49B","9.93","0.126"
"리파인","88.24K","215.03B","14.02B","11.14","0.794"
"지앤비에스엔지니어링","92.52K","89.52B","75.81B","6.44","0.967"
"엔켐","275.43K","2.78T","339.69B","-5.71",""
"피코그램","710.18K","49.49B","27.24B","61.04","1.65"
"지니너스","183.58K","46.76B","6.40B","-4.08","0.584"
"빅텐츠","89.59K","79.4B","0.00","25.98","1.83"
"Protia","27.41K","33.22B","0.00","85.53","0.62"
"디어유","253.38K","947.16B","11.71B","23.51",""
"비트나인","1.18M","42.77B","33.25B","-3.03","0.962"
"지오엘리먼트","30.68K","84.52B","19.71B","28.15","0.605"
"아이티아이즈","41.02K","29.91B","73.26B","","0.79"
"트윔","5.71K","55.59B","37.30B","10.46","0.702"
"NPX Inc","84.6K","79.55B","4.77B","536.00","1.99"
"알비더블유","297.14K","62.76B","79.86B","-8.17","1.03"
"마음AI","53.73K","73.69B","8.59B","-13.97","0.838"
"래몽래인","518.6K","182.93B","28.38B","-9.58","1.42"
"오토앤","648.5K","54.72B","60.07B","-24.84","0.798"
"애드바이오텍","129.98K","25.5B","9.82B","-3.71","0.776"
"이지트로닉스","76.69K","41.05B","39.64B","-11.01","0.753"
"스코넥","79.57K","35.22B","4.89B","-7.24","0.72"
"아셈스","31.53K","80.16B","50.81B","26.39","0.656"
"나래나노텍","25.38K","31.85B","31.84B","-2.06","0.769"
"인카금융서비스","169.32K","315.07B","708.20B","5.21","-0.144"
"바이오에프디엔씨","37.58K","118.09B","16.07B","23.12","0.52"
"퓨런티어","491.89K","211.09B","27.79B","-18,560.19","1.21"
"VC","9.49K","20.8B","38.52B","-2.98","0.128"
"하나금융21호스팩","96.9K","13.26B","-32.49","60.64","-0.111"
"풍원정밀","97.82K","192.52B","51.19B","-4.81","0.982"
"노을","2.75M","84.79B","2.27B","-4.32",""
"BCNC","147.38K","121.24B","70.71B","99.33","0.404"
"메쎄이상","30.7K","89.14B","53.80B","11.15",""
"모아데이타","875.46K","51.7B","25.40B","1,245.15","0.544"
"케이옥션","2.45M","95.79B","14.39B","-19.34",""
"유일로보틱스","102.86K","330.43B","38.45B","-102.63","1.52"
"공구우먼","444.36K","86.97B","52.08B","11.06","-2.43"
"세아메카닉스","972.1K","65.3B","94.17B","","0.726"
"지투파워","2.73M","171.63B","52.43B","58.03",""
"키움제6호스팩","163.9K","8.49B","-31.50","130.63","0.228"
"미래에셋비전스팩1호","215.22K","16.27B","0.00","",""
"포바이포","95.86K","56.06B","37.67B","-2.86","1.33"
"상상인제3호스팩","23.66K","11.15B","-18.76","48.65","0.049"
"대명에너지","238.71K","176.64B","53.81B","55.66","1.44"
"가온칩스","118.17K","400.94B","77.79B","85.51","1.39"
"유진스팩8호","141.61K","65.91B","-59.60","113.87",""
"하나금융22호스팩","156.46K","12.2B","0.00","",""
"청담글로벌","591K","103.43B","238.73B","-62.10","0.456"
"범한퓨얼셀","36.97K","112.09B","27.33B","-61.30","0.783"
"케이비제21호스팩","303.51K","16B","0.00","",""
"위니아에이드","801.33K","26.03B","171.08B","","0.919"
"비플라이소프트","76.66K","31.63B","16.23B","62.39","2.61"
"엔에이치스팩23호","27.99K","15.14B","0.00","",""
"삼성스팩6호","20.18K","11.59B","0.00","",""
"넥스트칩","364.52K","286.17B","0.00","",""
"레이저쎌","66.57K","35.61B","5.14B","-36.38","1.08"
"코난테크놀로지","61.41K","244.52B","0.00","194.44",""
"스톤브릿지벤처스","598.42K","70.61B","20.84B","11.51","1.07"
"보로노이","275.71K","1.76T","588.67M","-37.17","1.98"
"와이씨켐","415.4K","130.93B","0.00","24.78",""
"HPSP","1.06M","2.72T","0.00","37.58",""
"루닛","682.81K","1.77T","26.03B","","1.82"
"벨로크","190.95K","15.94B","0.00","",""
"성일하이텍","24.77K","529.19B","172.46B","-24.08","0.117"
"에이프릴바이오","826.28K","405.46B","0.00","",""
"ICH","221.71K","53.37B","60.23B","-14.69","0.441"
"유안타제9호스팩","8.79K","10.95B","0.00","",""
"새빗켐","16.84K","87.38B","0.00","37.05",""
"에이치와이티씨","43.83K","35.97B","36.52B","13.09","1.00"
"대성하이텍","280.01K","49.92B","96.30B","-8.20","1.33"
"신한제10호스팩","7.39K","8.22B","0.00","",""
"키움제7호스팩","57.77K","8.44B","0.00","",""
"신영스팩8호","24.56K","14.47B","0.00","",""
"오픈엣지테크놀로지","140.54K","220.71B","22.23B","-19.11","1.12"
"알피바이오","47.7K","45.67B","0.00","12.63",""
"한화플러스제3호스팩","86.53K","11.84B","0.00","",""
"더블유씨피","204.84K","436.71B","392.91B","20.79","1.26"
"유안타제10호스팩","11.62K","11.92B","0.00","",""
"에스케이증권제8호스팩","4.67K","7.81B","0.00","",""
"이노룰스","18.61K","30.18B","17.93B","23.63","0.577"
"모델솔루션","25.91K","58.21B","65.91B","64.13","0.99"
"오에스피","21.95K","26.12B","36.33B","-302.53","0.525"
"에스비비테크","102.43K","91.39B","0.00","",""
"파인엠텍","262.5K","162.31B","443.62B","17.50","0.114"
"탑머티리얼","34.69K","244.32B","0.00","21.71",""
"샤페론","8.99M","146.19B","91.24M","-4.47","-0.876"
"핀텔","136.88K","21.49B","0.00","",""
"플라즈맵","51.18K","31.29B","15.16B","-2.40","0.679"
"하나금융25호스팩","14.4K","12B","0.00","",""
"엔에이치스팩24호","8.05K","10.49B","0.00","",""
"산돌","46.34K","44.81B","14.15B","24.68",""
"IBKS제20호스팩","12.75K","9.27B","0.00","",""
"저스템","105.11K","44.26B","30.46B","-8.72","1.75"
"삼성스팩7호","8.19K","36.46B","0.00","",""
"교보13호스팩","7.71K","8.73B","0.00","",""
"QRT","95.56K","159.01B","56.27B","87.00","0.013"
"제이아이테크","112.19K","91.33B","51.27B","21.55","0.81"
"엔에이치스팩25호","5.16K","6.46B","0.00","",""
"디티앤씨알오","148.12K","74.73B","0.00","34.31",""
"윤성에프앤씨","38.56K","338.31B","350.59B","12.51","1.06"
"티에프이","37.3K","131.91B","81.30B","19.27","1.03"
"티쓰리","421.41K","85.15B","53.05B","14.16","0.359"
"엔젯","35.96K","106.97B","0.00","403.00",""
"인벤티지랩","1.18M","144.86B","0.00","",""
"펨트론","1.55M","154.55B","61.93B","-287.17",""
"대신밸런스제13호스팩","105.1K","14.69B","0.00","",""
"엔에이치스팩26호","17.78K","18.35B","0.00","",""
"대신밸런스제14호스팩","14.86K","14.39B","0.00","",""
"SAMG엔터","746.93K","95.73B","100.22B","-4.86","1.55"
"유진스팩9호","6.67K","7.35B","0.00","",""
"IBKS제21호스팩","10.53K","8.95B","0.00","",""
"엔에이치스팩27호","7.79K","16.22B","0.00","",""
"BNK 1","5.9K","8.92B","0.00","",""
"신영스팩9호","8.36K","11.36B","0.00","",""
"미래반도체","473.71K","185.67B","478.59B","25.28","2.09"
"한주라이트메탈","422.91K","34.44B","223.49B","-2.58","0.761"
"티이엠씨","119.92K","168.11B","254.34B","12.95","1.96"
"오브젠","12.88K","39.96B","0.00","",""
"삼기이브이","1.6M","108.62B","79.49B","33.40","1.84"
"신스틸","401.15K","100.29B","355.46B","53.71","-0.363"
"뉴로메카","52.52K","206.76B","20.69B","-10.20","0.728"
"옵티코어","632.96K","41.6B","25.52B","-9.68","0.207"
"비스토스","735.01K","39.2B","0.00","61.14",""
"핑거스토리","1.23M","36.58B","0.00","22.38",""
"스튜디오미르","2.87M","94.85B","21.00B","36.43","1.00"
"꿈비","267.27K","63.69B","35.62B","-34.11","1.14"
"샌즈랩","2.37M","100.64B","0.00","246.67",""
"제이오","299.95K","447.99B","0.00","33.47",""
"유안타제13호스팩","16.58K","19.65B","0.00","",""
"화인써키트","8.5K","73.17B","81.38B","16.52","-0.365"
"자람테크놀로지","94.24K","167.96B","0.00","267.80",""
"하나26호스팩","9.79K","12.57B","0.00","",""
"금양그린파워","405.24K","105.83B","270.87B","9.43","1.15"
"미래에셋드림스팩1호","16.68K","77.11B","0.00","",""
"유안타제12호스팩","53.07K","9.71B","0.00","",""
"바이오인프라","151.09K","33.24B","0.00","20.87",""
"엑스게이트","3.4M","142.57B","0.00","390.45",""
"라온텍","133.87K","87.92B","9.84B","-19.21","-0.009"
"나노팀","535.51K","143.99B","36.87B","-185.02","0.873"
"LB인베스트먼트","73.74K","85.54B","25.43B","16.46","0.856"
"지아이이노베이션","809.99K","456.78B","0.00","",""
"IBKS제22호스팩","9.55K","9.5B","0.00","",""
"하나27호스팩","7.66K","11.75B","0.00","",""
"셀바이오휴먼텍","116.85K","30.96B","27.84B","32.67","0.247"
"마이크로투나노","241.55K","39.48B","0.00","13.17",""
"에스바이오메딕스","348.28K","217.06B","11.90B","-35.93","-0.855"
"슈어소프트테크","3.48M","274.54B","88.37B","19.26",""
"미래에셋비전스팩2호","15.21K","10.77B","0.00","",""
"삼성스팩8호","8.38K","47.2B","0.00","",""
"키움제8호스팩","16.76K","12.79B","0.00","",""
"트루엔","35.97K","106.7B","0.00","8.96",""
"모니터랩","1.7M","40.88B","14.03B","41.26","0.72"
"씨유박스","217.57K","29.8B","0.00","",""
"팸텍","220K","53.52B","98.93B","4.68","-0.625"
"기가비스","65.14K","356.19B","0.00","18.13",""
"진영","54.81K","40.55B","0.00","9.30",""
"나라셀라","73.45K","37.55B","82.94B","-9.63","1.42"
"마녀공장","339.87K","274.66B","127.83B","16.99","-0.084"
"큐라티스","983.81K","34B","0.00","",""
"HI","6.52K","10.23B","0.00","",""
"엔에이치스팩29호","25.76K","28.6B","0.00","",""
"KB제25호스팩","193.82K","8.91B","0.00","",""
"하나29호스팩","6.02K","11.4B","0.00","",""
"오픈놀","40.32K","46.08B","30.98B","33.34","0.507"
"알멕","154.78K","172.57B","174.57B","9.46","1.04"
"미래에셋비전스팩3호","7.29K","10.33B","0.00","",""
"교보14호스팩","8.61K","8.82B","0.00","",""
"이노시뮬레이션","51.24K","34.56B","18.95B","-88.28","1.46"
"DB금융스팩11호","12.68K","11.88B","0.00","",""
"필에너지","831.81K","307.37B","271.87B","30.86","1.57"
"센서뷰","219.03K","45.07B","13.49B","-2.71",""
"와이랩","260.21K","75.71B","22.03B","-10.25","-0.165"
"에스케이증권제9호스팩","6.94K","10.29B","0.00","",""
"뷰티스킨","82.41K","undefined","0.00","14.78",""
"버넥트","126.37K","31.99B","6.30B","-3.79","1.07"
"유안타제14호스팩","6.56K","9.24B","0.00","",""
"파로스아이바이오","202.02K","106.58B","0.00","-11.76","1.73"
"에이엘티","35.31K","62.36B","39.51B","-44.76","1.52"
"시지트로닉스","33.25K","23.48B","0.00","",""
"엠아이큐브솔루션","52.52K","35.71B","0.00","16.61",""
"파두","335.27K","865.13B","14.17B","-10.04","-0.072"
"KB제26호스팩","55.48K","undefined","0.00","",""
"하나28호스팩","7.61K","undefined","0.00","",""
"큐리옥스바이오시스템즈","302.65K","308.9B","5.70B","-29.03","2.44"
"코츠테크놀로지","131.5K","97.07B","0.00","13.54",""
"에스케이증권제10호스팩","9.11K","10.33B","0.00","",""
"스마트레이더시스템","483.38K","184.75B","5.35B","-21.53","2.47"
"Korea No.12","6.22K","8.97B","0.00","",""
"Daishin Balance No.15","39.05K","16.78B","0.00","",""
"시큐레터","51.07K","52.28B","0.00","",""
"유안타제11호스팩","6.87K","10.58B","0.00","",""
"Daishin Balance No16 Sepcial","13.81K","undefined","0.00","",""
"크라우드웍스","59.63K","43.9B","15.74B","-3.03","1.79"
"Hanwha Plus No 4","7.48K","10.37B","0.00","",""
"율촌","95.16K","27.93B","76.53B","-1.45","1.27"
"상상인제4호스팩","7.08K","10.44B","0.00","",""
"코어라인소프트","70.23K","92.52B","4.42B","-6.27","0.723"
"우듬지팜","632.26K","undefined","0.00","65.59",""
"인스웨이브시스템즈","59.93K","43.67B","30.51B","26.63",""
"밀리의 서재","489.4K","117.38B","0.00","8.22",""
"한싹","1.86M","48.05B","24.89B","45.08",""
"레뷰코퍼레이션","353.18K","undefined","0.00","24.50",""
"IMT","147.87K","58.35B","5.73B","-21.99",""
"Shinhan 11th Special Purpose","39.28K","37.02B","0.00","",""
"에이치엠씨제6호스팩","5.94K","undefined","0.00","",""
"퓨릿","58.4K","94.75B","0.00","11.47",""
"신성에스티","64.4K","223.65B","123.61B","34.86",""
"워트","330.36K","113.48B","13.20B","33.29","1.03"
"퀄리타스반도체","217.5K","104.43B","0.00","",""
"유투바이오","425.32K","30.93B","0.00","67.78",""
"유진테크놀로지","210.11K","37.02B","42.60B","-6.79",""
"KB No.27","13.29K","25.56B","0.00","",""
"쏘닉스","93.95K","41.54B","0.00","",""
"세니젠","1.45M","18.43B","0.00","",""
"신시웨이","230.81K","22.44B","0.00","",""
"메가터치","661K","65.95B","0.00","11.71",""
"큐로셀","96.74K","362.12B","0.00","",""
"컨텍","296.08K","182.03B","26.87B","","1.22"
"비아이매트릭스","51.54K","64.86B","0.00","14.47",""
"에스와이스틸텍","8.65M","253.45B","0.00","8.93",""
"Korea No.13","4.83K","9.03B","0.00","",""
"에이직랜드","684.4K","312.92B","72.27B","242.57",""
"캡스톤파트너스","473.38K","34.85B","0.00","7.13",""
"스톰테크","85.74K","85.86B","0.00","7.88",""
"에코아이","18.59K","159.81B","22.40B","63.96",""
"한선엔지니어링","1.73M","158.97B","0.00","31.57",""
"그린리소스","347.32K","110.76B","17.35B","51.11",""
"에이에스텍","30.84K","undefined","0.00","22.40",""
"제이엔비","51.13K","47.41B","15.24B","-12.97",""
"엔에이치스팩30호","17.88K","18.05B","0.00","",""
"에이텀","40.65K","27.46B","38.50B","-6.92",""
"삼성스팩9호","33.85K","22.32B","0.00","",""
"와이바이오로직스","347.81K","undefined","0.00","",""
"Kyobo 15","5.25K","8.02B","0.00","",""
"케이엔에스","189.27K","108.61B","26.46B","",""
"LS머트리얼즈","302K","823.33B","137.62B","137.52",""
"블루엠텍","2.95M","165.88B","0.00","-16.37",""
"Hana 30","14.42K","14.68B","0.00","",""
"IBKS No.23","7.34K","9.05B","0.00","",""
"씨싸이트","149.69K","49.42B","162.86B","-12.21",""
"한빛레이저","4.38M","83.27B","20.88B","-18.43","-0.445"
"Daishin Balance No17","13.01K","12.48B","0.00","",""
"우진엔텍","928.08K","198.41B","0.00","43.13",""
"HB인베스트먼트","38.84K","44.2B","0.00","5.50",""
"현대힘스","639.23K","516.5B","221.64B","40.30",""
"포스뱅크","72.3K","57.94B","74.14B","11.05",""
"드림인사이트","679.46K","undefined","0.00","9.04",""
"이닉스","672.63K","94.71B","103.29B","12.96",""
"IBKS제24호스팩","8.82K","9.14B","0.00","",""
"스튜디오삼익","18.53K","31.9B","0.00","15.70",""
"Shinyoung HappyTomorrow No.10","11.17K","9.9B","0.00","",""
"레이저옵텍","49.48K","64.6B","0.00","5,185.00",""
"폰드그룹","381.14K","167.18B","33.38B","807.14",""
"사피엔반도체","112.72K","80.56B","0.00","",""
"에스피소프트","1.05M","142.3B","0.00","51.36",""
"케이웨더","261.85K","28.37B","13.89B","-13.78",""
"이에이트","44.93K","97.18B","2.78B","-9.56",""
"코셈","111K","37.65B","0.00","31.81",""
"Yuanta 15","9.59K","13.98B","0.00","",""
"유진스팩10호","7.78K","8.93B","0.00","",""
"SK Securities No.11","7.91K","8.46B","0.00","",""
"Hana 31","13.67K","11.41B","0.00","",""
"BNK 2","4.45K","8.5B","0.00","",""
"케이엔알시스템","158.05K","undefined","0.00","",""
"오상헬스케어","74.67K","151.82B","75.32B","-12.42","7.85"
"삼현","676.69K","240.66B","0.00","21.14",""
"엔젤로보틱스","334.54K","350.47B","0.00","",""
"Hana 32","7.26K","6.77B","0.00","",""
"IMBDX","990.95K","undefined","0.00","",""
"제이투케이바이오","75.69K","54.22B","34.71B","-77.38",""
"신한제12호스팩","11.75K","11.37B","0.00","",""
"Shinhan 13th","5.19K","7.76B","0.00","",""
"Hana 33","4.95K","7.73B","0.00","",""
"제일엠앤에스","461.31K","162.13B","267.32B","20.31",""
"삐아","530.41K","86.51B","47.34B","",""
"Yuanta 16","13.22K","11.02B","0.00","",""
"디앤디파마텍","361.89K","undefined","0.00","76.98",""
"민테크","1.53M","113.68B","0.00","",""
"에스케이증권제12호스팩","4.73K","6.9B","0.00","",""
"코칩","516.32K","78.7B","31.64B","21.99",""
"카티스","1.87M","48.57B","0.00","",""
"KB제28호스팩","10.15K","11.53B","0.00","",""
"ICTK","2.25M","79.01B","0.00","",""
"노브랜드","485.48K","132.27B","503.26B","",""
"미래에셋비전스팩4호","17.11K","16.28B","0.00","",""
"그리드위즈","491.69K","139.4B","128.21B","-28.74",""
"라메디텍","1.18M","75.87B","0.00","",""
"DB금융스팩12호","14.5K","12.09B","0.00","",""
"씨어스테크놀로지","296.71K","116.23B","0.00","",""
"Korea No.14","26.72K","10.94B","0.00","",""
"미래에셋비전스팩5호","14.6K","11.32B","0.00","",""
"KB제29호스팩","20.88K","12.53B","0.00","",""
"HMCIB No.7","8.25K","14.94B","0.00","",""
"에스오에스랩","2.35M","131.82B","0.00","12.23",""
"Mirae Asset Vision Special Purpose","15.36K","13.93B","0.00","",""
"Korea No.15","19.02K","13.88B","0.00","",""
"하이젠알앤엠","1.03M","undefined","0.00","83.67",""
"HVM","923.04K","321.95B","0.00","",""
"이노스페이스","228.95K","218.92B","179.12M","-2.45",""
"하스","190.14K","62.3B","16.08B","35.45",""
"이베스트스팩6호","10.81K","10.07B","0.00","",""
"엑셀세라퓨틱스","4.05M","50.77B","1.78B","-7.63",""
"SK Securities No.13","13.33K","8.99B","0.00","",""
"NH Special Purpose Acquisition 31","21.59K","12.79B","0.00","",""
"피앤에스미캐닉스","569.77K","57.86B","0.00","",""
"아이빔테크놀로지","1.13M","59.26B","0.00","",""
"뱅크웨어글로벌","2.52M","60.21B","63.32B","-7.21",""
"교보16호스팩","48.56K","12.41B","0.00","",""
"유라클","971.17K","41.53B","47.75B","9.24",""
"케이쓰리아이","604.06K","37.17B","0.00","",""
"TDSPharm","1.79M","74.54B","0.00","",""
"M83","2.91M","87.04B","46.07B","2.25",""
"Daishin Balance No.18","1.02M","16.06B","0.00","",""
"이엔셀","3.59M","153.67B","0.00","",""
"iScream Media","761.36K","undefined","0.00","",""
"Mirae Asset Vision Special Purpose","1.8M","16.28B","0.00","",""
"아이언디바이스","3.52M","50.52B","7.99B","-10.76",""
"KB No.30","1.54M","10.73B","0.00","",""
"제닉스","663.21K","101.23B","0.00","378.30",""
"셀비온","3.97M","149.43B","0.00","",""
"인스피언","3.52M","76.03B","0.00","",""
"와이제이링크","10.85M","undefined","0.00","",""
"루미르","10.52M","200.02B","0.00","",""
"한켐","2.35M","80.03B","0.00","",""
"클로봇","7.5M","194.04B","29.41B","-3.58",""
"성우","2.98M","undefined","0.00","",""
"씨메스","2.94M","168.82B","0.00","",""
"웨이비스","4.57M","108.05B","0.00","",""
"H S High Tech","83.86K","123.11B","0.00","",""
"Eugene Special Purpose Acquisition","1.67M","9.49B","0.00","",""
"Top Run Total Solution","2.3M","220.39B","526.82B","0.776",""
"Alux","1.93M","91.46B","0.00","",""
"HEM Pharma","741.77K","84.31B","0.00","",""
"토모큐브","7.98M","150.23B","0.00","",""
"NextBioMedical","2.05M","undefined","0.00","",""
"에어레인","3.76M","85.75B","0.00","",""
"Knowmerce","1.47M","179.92B","0.00","",""
"Dotmill","6.5M","64.13B","0.00","",""
"3Billion","30.77M","undefined","0.00","",""
"Shinhan 15th","7.92M","undefined","0.00","",""